BEGIN TRANSACTION;
CREATE TABLE IF NOT EXISTS "Luminex_SA_bead_detail" (
	"patient_number"	INTEGER NOT NULL,
	"test_number"	INTEGER NOT NULL,
	"antigen"	TEXT,
	"probe_id"	TEXT,
	"allele"	TEXT,
	"average_value"	TEXT
);
CREATE TABLE IF NOT EXISTS "Match_grades" (
	"recipient_number"	INTEGER NOT NULL,
	"donor_number"	INTEGER NOT NULL,
	"mismatch_hvg"	INTEGER,
	"mismatch_gvh"	INTEGER,
	"a_1"	TEXT,
	"a_2"	TEXT,
	"b_1"	TEXT,
	"b_2"	TEXT,
	"c_1"	TEXT,
	"c_2"	TEXT,
	"dr_1"	TEXT,
	"dr_2"	TEXT,
	"drp_1"	TEXT,
	"drp_2"	TEXT,
	"dqb_1"	TEXT,
	"dqb_2"	TEXT,
	"dqa_1"	TEXT,
	"dqa_2"	TEXT,
	"dpa_1"	TEXT,
	"dpa_2"	TEXT,
	"dpb_1"	TEXT,
	"dpb_2"	TEXT,
	"DSA"	TEXT,
	"ABCDRDQ_alleles"	TEXT,
	"ABCDRDQ_match"	TEXT,
	"ABCDRB1_alleles"	TEXT,
	"ABCDRB1_match"	TEXT,
	"ABCDRB1_mm_GVH"	TEXT,
	"ABCDRB1_mm_HVG"	TEXT,
	"DRB345DQDP_alleles"	TEXT,
	"DRB345DQDP_match"	TEXT,
	"DRB345DQDP_mm_GVH"	TEXT,
	"DRB345DQDP_mm_HVG"	TEXT,
	"DRB345DQDP_mm_TCE"	TEXT,
	"Seven_loci_alleles"	TEXT,
	"seven_loci_match"	TEXT,
	"sample_number"	INTEGER
);
CREATE TABLE IF NOT EXISTS "Patient_tests" (
	"test_number"	INTEGER NOT NULL,
	"sample_number"	INTEGER NOT NULL,
	"test_type_code"	TEXT NOT NULL,
	"billing_flag"	TEXT NOT NULL,
	PRIMARY KEY("test_number")
);
CREATE TABLE IF NOT EXISTS "Patients" (
	"patient_number"	INTEGER NOT NULL,
	"last_name"	TEXT NOT NULL,
	"first_name"	TEXT NOT NULL
);
CREATE TABLE IF NOT EXISTS "Screening_results" (
	"test_number"	INTEGER NOT NULL,
	"called_antibodies"	TEXT NOT NULL
);
CREATE TABLE IF NOT EXISTS "Staff" (
	"user_id"	TEXT NOT NULL,
	"security_level"	TEXT NOT NULL
);
INSERT INTO "Luminex_SA_bead_detail" VALUES (869146,1307680,'','','',NULL);
INSERT INTO "Luminex_SA_bead_detail" VALUES (869146,1307680,'Cw18','C*18:02','C*18:02','0');
INSERT INTO "Luminex_SA_bead_detail" VALUES (869146,1307680,'Cw17','C*17:01','C*17:01','55');
INSERT INTO "Luminex_SA_bead_detail" VALUES (869146,1307680,'Cw17','','','55');
INSERT INTO "Luminex_SA_bead_detail" VALUES (869146,1307680,'Cw16','C*16:01','C*16:01','17');
INSERT INTO "Luminex_SA_bead_detail" VALUES (869146,1307680,'Cw16','','','17');
INSERT INTO "Luminex_SA_bead_detail" VALUES (869146,1307680,'Cw15','C*15:02','C*15:02','0');
INSERT INTO "Luminex_SA_bead_detail" VALUES (869146,1307680,'Cw15','','','0');
INSERT INTO "Luminex_SA_bead_detail" VALUES (869146,1307680,'Cw14','C*14:02','C*14:02','11');
INSERT INTO "Luminex_SA_bead_detail" VALUES (869146,1307680,'Cw14','','','11');
INSERT INTO "Luminex_SA_bead_detail" VALUES (869146,1307680,'Cw12','C*12:03','C*12:03','0');
INSERT INTO "Luminex_SA_bead_detail" VALUES (869146,1307680,'Cw12','','','0');
INSERT INTO "Luminex_SA_bead_detail" VALUES (869146,1307680,'Cw10','C*03:04','C*03:04','0');
INSERT INTO "Luminex_SA_bead_detail" VALUES (869146,1307680,'Cw10','C*03:02','C*03:02','22');
INSERT INTO "Luminex_SA_bead_detail" VALUES (869146,1307680,'Cw10','','','22');
INSERT INTO "Luminex_SA_bead_detail" VALUES (869146,1307680,'Cw9','C*03:03','C*03:03','0');
INSERT INTO "Luminex_SA_bead_detail" VALUES (869146,1307680,'Cw9','','','0');
INSERT INTO "Luminex_SA_bead_detail" VALUES (869146,1307680,'Cw8','C*08:01','C*08:01','19');
INSERT INTO "Luminex_SA_bead_detail" VALUES (869146,1307680,'Cw8','','','19');
INSERT INTO "Luminex_SA_bead_detail" VALUES (869146,1307680,'Cw7','C*07:02','C*07:02','20');
INSERT INTO "Luminex_SA_bead_detail" VALUES (869146,1307680,'Cw7','','','20');
INSERT INTO "Luminex_SA_bead_detail" VALUES (869146,1307680,'Cw6','C*06:02','C*06:02','0');
INSERT INTO "Luminex_SA_bead_detail" VALUES (869146,1307680,'Cw6','','','0');
INSERT INTO "Luminex_SA_bead_detail" VALUES (869146,1307680,'Cw5','C*05:01','C*05:01','219');
INSERT INTO "Luminex_SA_bead_detail" VALUES (869146,1307680,'Cw5','','','219');
INSERT INTO "Luminex_SA_bead_detail" VALUES (869146,1307680,'Cw4','C*04:01','C*04:01','0');
INSERT INTO "Luminex_SA_bead_detail" VALUES (869146,1307680,'Cw4','','','0');
INSERT INTO "Luminex_SA_bead_detail" VALUES (869146,1307680,'Cw2','C*02:02','C*02:02','48');
INSERT INTO "Luminex_SA_bead_detail" VALUES (869146,1307680,'Cw2','','','48');
INSERT INTO "Luminex_SA_bead_detail" VALUES (869146,1307680,'Cw1','C*01:02','C*01:02','8');
INSERT INTO "Luminex_SA_bead_detail" VALUES (869146,1307680,'Cw1','','','8');
INSERT INTO "Luminex_SA_bead_detail" VALUES (869146,1307680,'Bw6','B*40:06','B*40:06','31');
INSERT INTO "Luminex_SA_bead_detail" VALUES (869146,1307680,'Bw6','B*15:11','B*15:11','9');
INSERT INTO "Luminex_SA_bead_detail" VALUES (869146,1307680,'Bw6','B*82:01','B*82:01','0');
INSERT INTO "Luminex_SA_bead_detail" VALUES (869146,1307680,'Bw6','B*81:01','B*81:01','0');
INSERT INTO "Luminex_SA_bead_detail" VALUES (869146,1307680,'Bw6','B*78:01','B*78:01','8');
INSERT INTO "Luminex_SA_bead_detail" VALUES (869146,1307680,'Bw6','B*73:01','B*73:01','0');
INSERT INTO "Luminex_SA_bead_detail" VALUES (869146,1307680,'Bw6','B*67:01','B*67:01','0');
INSERT INTO "Luminex_SA_bead_detail" VALUES (869146,1307680,'Bw6','B*56:01','B*56:01','13');
INSERT INTO "Luminex_SA_bead_detail" VALUES (869146,1307680,'Bw6','B*55:01','B*55:01','19');
INSERT INTO "Luminex_SA_bead_detail" VALUES (869146,1307680,'Bw6','B*54:01','B*54:01','22');
INSERT INTO "Luminex_SA_bead_detail" VALUES (869146,1307680,'Bw6','B*50:01','B*50:01','11');
INSERT INTO "Luminex_SA_bead_detail" VALUES (869146,1307680,'Bw6','B*46:01','B*46:01','29');
INSERT INTO "Luminex_SA_bead_detail" VALUES (869146,1307680,'Bw6','B*48:01','B*48:01','0');
INSERT INTO "Luminex_SA_bead_detail" VALUES (869146,1307680,'Bw6','B*45:01','B*45:01','118');
INSERT INTO "Luminex_SA_bead_detail" VALUES (869146,1307680,'Bw6','B*42:01','B*42:01','21');
INSERT INTO "Luminex_SA_bead_detail" VALUES (869146,1307680,'Bw6','B*41:01','B*41:01','0');
INSERT INTO "Luminex_SA_bead_detail" VALUES (869146,1307680,'Bw6','B*40:02','B*40:02','39');
INSERT INTO "Luminex_SA_bead_detail" VALUES (869146,1307680,'Bw6','B*40:01','B*40:01','1');
INSERT INTO "Luminex_SA_bead_detail" VALUES (869146,1307680,'Bw6','B*39:01','B*39:01','0');
INSERT INTO "Luminex_SA_bead_detail" VALUES (869146,1307680,'Bw6','B*35:01','B*35:01','20');
INSERT INTO "Luminex_SA_bead_detail" VALUES (869146,1307680,'Bw6','B*27:08','B*27:08','130');
INSERT INTO "Luminex_SA_bead_detail" VALUES (869146,1307680,'Bw6','B*18:01','B*18:01','30');
INSERT INTO "Luminex_SA_bead_detail" VALUES (869146,1307680,'Bw6','B*15:12','B*15:12','0');
INSERT INTO "Luminex_SA_bead_detail" VALUES (869146,1307680,'Bw6','B*15:10','B*15:10','0');
INSERT INTO "Luminex_SA_bead_detail" VALUES (869146,1307680,'Bw6','B*15:03','B*15:03','0');
INSERT INTO "Luminex_SA_bead_detail" VALUES (869146,1307680,'Bw6','B*15:02','B*15:02','0');
INSERT INTO "Luminex_SA_bead_detail" VALUES (869146,1307680,'Bw6','B*15:01','B*15:01','14');
INSERT INTO "Luminex_SA_bead_detail" VALUES (869146,1307680,'Bw6','B*14:02','B*14:02','77');
INSERT INTO "Luminex_SA_bead_detail" VALUES (869146,1307680,'Bw6','B*14:01','B*14:01','37');
INSERT INTO "Luminex_SA_bead_detail" VALUES (869146,1307680,'Bw6','B*08:01','B*08:01','0');
INSERT INTO "Luminex_SA_bead_detail" VALUES (869146,1307680,'Bw6','B*07:02','B*07:02','0');
INSERT INTO "Luminex_SA_bead_detail" VALUES (869146,1307680,'Bw6','','','130');
INSERT INTO "Luminex_SA_bead_detail" VALUES (869146,1307680,'Bw4','B*13:01','B*13:01','14');
INSERT INTO "Luminex_SA_bead_detail" VALUES (869146,1307680,'Bw4','B*59:01','B*59:01','0');
INSERT INTO "Luminex_SA_bead_detail" VALUES (869146,1307680,'Bw4','B*58:01','B*58:01','475');
INSERT INTO "Luminex_SA_bead_detail" VALUES (869146,1307680,'Bw4','B*57:03','B*57:03','561');
INSERT INTO "Luminex_SA_bead_detail" VALUES (869146,1307680,'Bw4','B*57:01','B*57:01','793');
INSERT INTO "Luminex_SA_bead_detail" VALUES (869146,1307680,'Bw4','B*53:01','B*53:01','13');
INSERT INTO "Luminex_SA_bead_detail" VALUES (869146,1307680,'Bw4','B*52:01','B*52:01','27');
INSERT INTO "Luminex_SA_bead_detail" VALUES (869146,1307680,'Bw4','B*51:02','B*51:02','0');
INSERT INTO "Luminex_SA_bead_detail" VALUES (869146,1307680,'Bw4','B*51:01','B*51:01','0');
INSERT INTO "Luminex_SA_bead_detail" VALUES (869146,1307680,'Bw4','B*47:01','B*47:01','0');
INSERT INTO "Luminex_SA_bead_detail" VALUES (869146,1307680,'Bw4','B*49:01','B*49:01','5');
INSERT INTO "Luminex_SA_bead_detail" VALUES (869146,1307680,'Bw4','B*44:03','B*44:03','71');
INSERT INTO "Luminex_SA_bead_detail" VALUES (869146,1307680,'Bw4','B*44:02','B*44:02','19');
INSERT INTO "Luminex_SA_bead_detail" VALUES (869146,1307680,'Bw4','B*38:01','B*38:01','7');
INSERT INTO "Luminex_SA_bead_detail" VALUES (869146,1307680,'Bw4','B*37:01','B*37:01','0');
INSERT INTO "Luminex_SA_bead_detail" VALUES (869146,1307680,'Bw4','B*15:16','B*15:16','0');
INSERT INTO "Luminex_SA_bead_detail" VALUES (869146,1307680,'Bw4','B*15:13','B*15:13','18');
INSERT INTO "Luminex_SA_bead_detail" VALUES (869146,1307680,'Bw4','B*13:02','B*13:02','21');
INSERT INTO "Luminex_SA_bead_detail" VALUES (869146,1307680,'Bw4','B*27:05','B*27:05','24');
INSERT INTO "Luminex_SA_bead_detail" VALUES (869146,1307680,'Bw4','','','793');
INSERT INTO "Luminex_SA_bead_detail" VALUES (869146,1307680,'B82','B*82:01','B*82:01','0');
INSERT INTO "Luminex_SA_bead_detail" VALUES (869146,1307680,'B82','','','0');
INSERT INTO "Luminex_SA_bead_detail" VALUES (869146,1307680,'B81','B*81:01','B*81:01','0');
INSERT INTO "Luminex_SA_bead_detail" VALUES (869146,1307680,'B81','','','0');
INSERT INTO "Luminex_SA_bead_detail" VALUES (869146,1307680,'B78','B*78:01','B*78:01','8');
INSERT INTO "Luminex_SA_bead_detail" VALUES (869146,1307680,'B78','','','8');
INSERT INTO "Luminex_SA_bead_detail" VALUES (869146,1307680,'B77','B*15:13','B*15:13','18');
INSERT INTO "Luminex_SA_bead_detail" VALUES (869146,1307680,'B77','','','18');
INSERT INTO "Luminex_SA_bead_detail" VALUES (869146,1307680,'B76','B*15:12','B*15:12','0');
INSERT INTO "Luminex_SA_bead_detail" VALUES (869146,1307680,'B76','','','0');
INSERT INTO "Luminex_SA_bead_detail" VALUES (869146,1307680,'B75','B*15:11','B*15:11','9');
INSERT INTO "Luminex_SA_bead_detail" VALUES (869146,1307680,'B75','B*15:02','B*15:02','0');
INSERT INTO "Luminex_SA_bead_detail" VALUES (869146,1307680,'B75','','','9');
INSERT INTO "Luminex_SA_bead_detail" VALUES (869146,1307680,'B73','B*73:01','B*73:01','0');
INSERT INTO "Luminex_SA_bead_detail" VALUES (869146,1307680,'B73','','','0');
INSERT INTO "Luminex_SA_bead_detail" VALUES (869146,1307680,'B72','B*15:03','B*15:03','0');
INSERT INTO "Luminex_SA_bead_detail" VALUES (869146,1307680,'B72','','','0');
INSERT INTO "Luminex_SA_bead_detail" VALUES (869146,1307680,'B71','B*15:10','B*15:10','0');
INSERT INTO "Luminex_SA_bead_detail" VALUES (869146,1307680,'B71','','','0');
INSERT INTO "Luminex_SA_bead_detail" VALUES (869146,1307680,'B67','B*67:01','B*67:01','0');
INSERT INTO "Luminex_SA_bead_detail" VALUES (869146,1307680,'B67','','','0');
INSERT INTO "Luminex_SA_bead_detail" VALUES (869146,1307680,'B65','B*14:02','B*14:02','77');
INSERT INTO "Luminex_SA_bead_detail" VALUES (869146,1307680,'B65','','','77');
INSERT INTO "Luminex_SA_bead_detail" VALUES (869146,1307680,'B64','B*14:01','B*14:01','37');
INSERT INTO "Luminex_SA_bead_detail" VALUES (869146,1307680,'B64','','','37');
INSERT INTO "Luminex_SA_bead_detail" VALUES (869146,1307680,'B63','B*15:16','B*15:16','0');
INSERT INTO "Luminex_SA_bead_detail" VALUES (869146,1307680,'B63','','','0');
INSERT INTO "Luminex_SA_bead_detail" VALUES (869146,1307680,'B62','B*15:01','B*15:01','14');
INSERT INTO "Luminex_SA_bead_detail" VALUES (869146,1307680,'B62','','','14');
INSERT INTO "Luminex_SA_bead_detail" VALUES (869146,1307680,'B61','B*40:06','B*40:06','31');
INSERT INTO "Luminex_SA_bead_detail" VALUES (869146,1307680,'B61','B*40:02','B*40:02','39');
INSERT INTO "Luminex_SA_bead_detail" VALUES (869146,1307680,'B61','','','39');
INSERT INTO "Luminex_SA_bead_detail" VALUES (869146,1307680,'B60','B*40:01','B*40:01','1');
INSERT INTO "Luminex_SA_bead_detail" VALUES (869146,1307680,'B60','','','1');
INSERT INTO "Luminex_SA_bead_detail" VALUES (869146,1307680,'B59','B*59:01','B*59:01','0');
INSERT INTO "Luminex_SA_bead_detail" VALUES (869146,1307680,'B59','','','0');
INSERT INTO "Luminex_SA_bead_detail" VALUES (869146,1307680,'B58','B*58:01','B*58:01','475');
INSERT INTO "Luminex_SA_bead_detail" VALUES (869146,1307680,'B58','','','475');
INSERT INTO "Luminex_SA_bead_detail" VALUES (869146,1307680,'B57','B*57:03','B*57:03','561');
INSERT INTO "Luminex_SA_bead_detail" VALUES (869146,1307680,'B57','B*57:01','B*57:01','793');
INSERT INTO "Luminex_SA_bead_detail" VALUES (869146,1307680,'B57','','','793');
INSERT INTO "Luminex_SA_bead_detail" VALUES (869146,1307680,'B56','B*56:01','B*56:01','13');
INSERT INTO "Luminex_SA_bead_detail" VALUES (869146,1307680,'B56','','','13');
INSERT INTO "Luminex_SA_bead_detail" VALUES (869146,1307680,'B55','B*55:01','B*55:01','19');
INSERT INTO "Luminex_SA_bead_detail" VALUES (869146,1307680,'B55','','','19');
INSERT INTO "Luminex_SA_bead_detail" VALUES (869146,1307680,'B54','B*54:01','B*54:01','22');
INSERT INTO "Luminex_SA_bead_detail" VALUES (869146,1307680,'B54','','','22');
INSERT INTO "Luminex_SA_bead_detail" VALUES (869146,1307680,'B53','B*53:01','B*53:01','13');
INSERT INTO "Luminex_SA_bead_detail" VALUES (869146,1307680,'B53','','','13');
INSERT INTO "Luminex_SA_bead_detail" VALUES (869146,1307680,'B52','B*52:01','B*52:01','27');
INSERT INTO "Luminex_SA_bead_detail" VALUES (869146,1307680,'B52','','','27');
INSERT INTO "Luminex_SA_bead_detail" VALUES (869146,1307680,'B51','B*51:02','B*51:02','0');
INSERT INTO "Luminex_SA_bead_detail" VALUES (869146,1307680,'B51','B*51:01','B*51:01','0');
INSERT INTO "Luminex_SA_bead_detail" VALUES (869146,1307680,'B51','','','');
INSERT INTO "Luminex_SA_bead_detail" VALUES (869146,1307680,'B50','B*50:01','B*50:01','11');
INSERT INTO "Luminex_SA_bead_detail" VALUES (869146,1307680,'B50','','','11');
INSERT INTO "Luminex_SA_bead_detail" VALUES (869146,1307680,'B49','B*49:01','B*49:01','5');
INSERT INTO "Luminex_SA_bead_detail" VALUES (869146,1307680,'B49','','','5');
INSERT INTO "Luminex_SA_bead_detail" VALUES (869146,1307680,'B48','B*48:01','B*48:01','0');
INSERT INTO "Luminex_SA_bead_detail" VALUES (869146,1307680,'B48','','','0');
INSERT INTO "Luminex_SA_bead_detail" VALUES (869146,1307680,'B47','B*47:01','B*47:01','0');
INSERT INTO "Luminex_SA_bead_detail" VALUES (869146,1307680,'B47','','','0');
INSERT INTO "Luminex_SA_bead_detail" VALUES (869146,1307680,'B46','B*46:01','B*46:01','29');
INSERT INTO "Luminex_SA_bead_detail" VALUES (869146,1307680,'B46','','','29');
INSERT INTO "Luminex_SA_bead_detail" VALUES (869146,1307680,'B45','B*45:01','B*45:01','118');
INSERT INTO "Luminex_SA_bead_detail" VALUES (869146,1307680,'B45','','','118');
INSERT INTO "Luminex_SA_bead_detail" VALUES (869146,1307680,'B44','B*44:03','B*44:03','71');
INSERT INTO "Luminex_SA_bead_detail" VALUES (869146,1307680,'B44','B*44:02','B*44:02','19');
INSERT INTO "Luminex_SA_bead_detail" VALUES (869146,1307680,'B44','','','71');
INSERT INTO "Luminex_SA_bead_detail" VALUES (869146,1307680,'B42','B*42:01','B*42:01','21');
INSERT INTO "Luminex_SA_bead_detail" VALUES (869146,1307680,'B42','','','21');
INSERT INTO "Luminex_SA_bead_detail" VALUES (869146,1307680,'B41','B*41:01','B*41:01','0');
INSERT INTO "Luminex_SA_bead_detail" VALUES (869146,1307680,'B41','','','0');
INSERT INTO "Luminex_SA_bead_detail" VALUES (869146,1307680,'B39','B*39:01','B*39:01','0');
INSERT INTO "Luminex_SA_bead_detail" VALUES (869146,1307680,'B39','','','0');
INSERT INTO "Luminex_SA_bead_detail" VALUES (869146,1307680,'B38','B*38:01','B*38:01','7');
INSERT INTO "Luminex_SA_bead_detail" VALUES (869146,1307680,'B38','','','7');
INSERT INTO "Luminex_SA_bead_detail" VALUES (869146,1307680,'B37','B*37:01','B*37:01','0');
INSERT INTO "Luminex_SA_bead_detail" VALUES (869146,1307680,'B37','','','0');
INSERT INTO "Luminex_SA_bead_detail" VALUES (869146,1307680,'B35','B*35:01','B*35:01','20');
INSERT INTO "Luminex_SA_bead_detail" VALUES (869146,1307680,'B35','','','20');
INSERT INTO "Luminex_SA_bead_detail" VALUES (869146,1307680,'B27','B*27:08','B*27:08','130');
INSERT INTO "Luminex_SA_bead_detail" VALUES (869146,1307680,'B27','B*27:05','B*27:05','24');
INSERT INTO "Luminex_SA_bead_detail" VALUES (869146,1307680,'B27','','','130');
INSERT INTO "Luminex_SA_bead_detail" VALUES (869146,1307680,'B18','B*18:01','B*18:01','30');
INSERT INTO "Luminex_SA_bead_detail" VALUES (869146,1307680,'B18','','','30');
INSERT INTO "Luminex_SA_bead_detail" VALUES (869146,1307680,'B13','B*13:01','B*13:01','14');
INSERT INTO "Luminex_SA_bead_detail" VALUES (869146,1307680,'B13','B*13:02','B*13:02','21');
INSERT INTO "Luminex_SA_bead_detail" VALUES (869146,1307680,'B13','','','21');
INSERT INTO "Luminex_SA_bead_detail" VALUES (869146,1307680,'B8','B*08:01','B*08:01','0');
INSERT INTO "Luminex_SA_bead_detail" VALUES (869146,1307680,'B8','','','0');
INSERT INTO "Luminex_SA_bead_detail" VALUES (869146,1307680,'B7','B*07:02','B*07:02','0');
INSERT INTO "Luminex_SA_bead_detail" VALUES (869146,1307680,'B7','','','0');
INSERT INTO "Luminex_SA_bead_detail" VALUES (869146,1307680,'A80','A*80:01','A*80:01','10');
INSERT INTO "Luminex_SA_bead_detail" VALUES (869146,1307680,'A80','','','10');
INSERT INTO "Luminex_SA_bead_detail" VALUES (869146,1307680,'A74','A*74:01','A*74:01','22');
INSERT INTO "Luminex_SA_bead_detail" VALUES (869146,1307680,'A74','','','22');
INSERT INTO "Luminex_SA_bead_detail" VALUES (869146,1307680,'A69','A*69:01','A*69:01','0');
INSERT INTO "Luminex_SA_bead_detail" VALUES (869146,1307680,'A69','','','0');
INSERT INTO "Luminex_SA_bead_detail" VALUES (869146,1307680,'A68','A*68:02','A*68:02','0');
INSERT INTO "Luminex_SA_bead_detail" VALUES (869146,1307680,'A68','A*68:01','A*68:01','0');
INSERT INTO "Luminex_SA_bead_detail" VALUES (869146,1307680,'A68','','','');
INSERT INTO "Luminex_SA_bead_detail" VALUES (869146,1307680,'A66','A*66:02','A*66:02','0');
INSERT INTO "Luminex_SA_bead_detail" VALUES (869146,1307680,'A66','A*66:01','A*66:01','37');
INSERT INTO "Luminex_SA_bead_detail" VALUES (869146,1307680,'A66','','','37');
INSERT INTO "Luminex_SA_bead_detail" VALUES (869146,1307680,'A43','A*43:01','A*43:01','0');
INSERT INTO "Luminex_SA_bead_detail" VALUES (869146,1307680,'A43','','','0');
INSERT INTO "Luminex_SA_bead_detail" VALUES (869146,1307680,'A36','A*36:01','A*36:01','5');
INSERT INTO "Luminex_SA_bead_detail" VALUES (869146,1307680,'A36','','','5');
INSERT INTO "Luminex_SA_bead_detail" VALUES (869146,1307680,'A34','A*34:02','A*34:02','0');
INSERT INTO "Luminex_SA_bead_detail" VALUES (869146,1307680,'A34','A*34:01','A*34:01','24');
INSERT INTO "Luminex_SA_bead_detail" VALUES (869146,1307680,'A34','','','24');
INSERT INTO "Luminex_SA_bead_detail" VALUES (869146,1307680,'A33','A*33:03','A*33:03','0');
INSERT INTO "Luminex_SA_bead_detail" VALUES (869146,1307680,'A33','A*33:01','A*33:01','0');
INSERT INTO "Luminex_SA_bead_detail" VALUES (869146,1307680,'A33','','','');
INSERT INTO "Luminex_SA_bead_detail" VALUES (869146,1307680,'A32','A*32:01','A*32:01','34');
INSERT INTO "Luminex_SA_bead_detail" VALUES (869146,1307680,'A32','','','34');
INSERT INTO "Luminex_SA_bead_detail" VALUES (869146,1307680,'A31','A*31:01','A*31:01','22');
INSERT INTO "Luminex_SA_bead_detail" VALUES (869146,1307680,'A31','','','22');
INSERT INTO "Luminex_SA_bead_detail" VALUES (869146,1307680,'A30','A*30:02','A*30:02','26');
INSERT INTO "Luminex_SA_bead_detail" VALUES (869146,1307680,'A30','A*30:01','A*30:01','28');
INSERT INTO "Luminex_SA_bead_detail" VALUES (869146,1307680,'A30','','','28');
INSERT INTO "Luminex_SA_bead_detail" VALUES (869146,1307680,'A29','A*29:02','A*29:02','93');
INSERT INTO "Luminex_SA_bead_detail" VALUES (869146,1307680,'A29','A*29:01','A*29:01','88');
INSERT INTO "Luminex_SA_bead_detail" VALUES (869146,1307680,'A29','','','93');
INSERT INTO "Luminex_SA_bead_detail" VALUES (869146,1307680,'A26','A*26:01','A*26:01','33');
INSERT INTO "Luminex_SA_bead_detail" VALUES (869146,1307680,'A26','','','33');
INSERT INTO "Luminex_SA_bead_detail" VALUES (869146,1307680,'A25','A*25:01','A*25:01','52');
INSERT INTO "Luminex_SA_bead_detail" VALUES (869146,1307680,'A25','','','52');
INSERT INTO "Luminex_SA_bead_detail" VALUES (869146,1307680,'A24','A*24:03','A*24:03','89');
INSERT INTO "Luminex_SA_bead_detail" VALUES (869146,1307680,'A24','A*24:02','A*24:02','147');
INSERT INTO "Luminex_SA_bead_detail" VALUES (869146,1307680,'A24','','','147');
INSERT INTO "Luminex_SA_bead_detail" VALUES (869146,1307680,'A23','A*23:01','A*23:01','1');
INSERT INTO "Luminex_SA_bead_detail" VALUES (869146,1307680,'A23','','','1');
INSERT INTO "Luminex_SA_bead_detail" VALUES (869146,1307680,'A11','A*11:02','A*11:02','0');
INSERT INTO "Luminex_SA_bead_detail" VALUES (869146,1307680,'A11','A*11:01','A*11:01','0');
INSERT INTO "Luminex_SA_bead_detail" VALUES (869146,1307680,'A11','','','');
INSERT INTO "Luminex_SA_bead_detail" VALUES (869146,1307680,'A3','A*03:01','A*03:01','0');
INSERT INTO "Luminex_SA_bead_detail" VALUES (869146,1307680,'A3','','','0');
INSERT INTO "Luminex_SA_bead_detail" VALUES (869146,1307680,'A2','A*02:06','A*02:06','76');
INSERT INTO "Luminex_SA_bead_detail" VALUES (869146,1307680,'A2','A*02:03','A*02:03','44');
INSERT INTO "Luminex_SA_bead_detail" VALUES (869146,1307680,'A2','A*02:01','A*02:01','69');
INSERT INTO "Luminex_SA_bead_detail" VALUES (869146,1307680,'A2','','','76');
INSERT INTO "Luminex_SA_bead_detail" VALUES (869146,1307680,'A1','A*01:01','A*01:01','0');
INSERT INTO "Luminex_SA_bead_detail" VALUES (869146,1307680,'A1','','','0');
INSERT INTO "Luminex_SA_bead_detail" VALUES (869146,1307681,NULL,'NULL',NULL,NULL);
INSERT INTO "Luminex_SA_bead_detail" VALUES (869146,1307681,NULL,'DPA1*03:01','DPA1*03:01','3235');
INSERT INTO "Luminex_SA_bead_detail" VALUES (869146,1307681,NULL,'DPA1*02:02','DPA1*02:02','14977');
INSERT INTO "Luminex_SA_bead_detail" VALUES (869146,1307681,NULL,'DPA1*01:05','DPA1*01:05','17795');
INSERT INTO "Luminex_SA_bead_detail" VALUES (869146,1307681,NULL,'DPA1*02:01','DPA1*02:01','19169');
INSERT INTO "Luminex_SA_bead_detail" VALUES (869146,1307681,NULL,'DPA1*01:03','DPA1*01:03','19463');
INSERT INTO "Luminex_SA_bead_detail" VALUES (869146,1307681,NULL,'DQA1*01:02','DQA1*01:02','84');
INSERT INTO "Luminex_SA_bead_detail" VALUES (869146,1307681,NULL,'DQA1*01:01','DQA1*01:01','9');
INSERT INTO "Luminex_SA_bead_detail" VALUES (869146,1307681,NULL,'DQA1*03:03','DQA1*03:03','1439');
INSERT INTO "Luminex_SA_bead_detail" VALUES (869146,1307681,NULL,'DQA1*04:01','DQA1*04:01','11578');
INSERT INTO "Luminex_SA_bead_detail" VALUES (869146,1307681,NULL,'DQA1*03:01','DQA1*03:01','15422');
INSERT INTO "Luminex_SA_bead_detail" VALUES (869146,1307681,NULL,'DQA1*02:01','DQA1*02:01','24640');
INSERT INTO "Luminex_SA_bead_detail" VALUES (869146,1307681,'DP28','DPA1*04:01','DPA1*04:01','14406');
INSERT INTO "Luminex_SA_bead_detail" VALUES (869146,1307681,'DP28','DPA1*04:01,DPB1*28:01','DPA1*04:01,DPB1*28:01','14406');
INSERT INTO "Luminex_SA_bead_detail" VALUES (869146,1307681,'DP28','DPA1*01:05,DPB1*28:01','DPA1*01:05,DPB1*28:01','16821');
INSERT INTO "Luminex_SA_bead_detail" VALUES (869146,1307681,'DP28','DPB1*28:01','DPB1*28:01','17797');
INSERT INTO "Luminex_SA_bead_detail" VALUES (869146,1307681,'DP28','DPA1*01:03,DPB1*28:01','DPA1*01:03,DPB1*28:01','17797');
INSERT INTO "Luminex_SA_bead_detail" VALUES (869146,1307681,'DP28','NULL',NULL,'17797');
INSERT INTO "Luminex_SA_bead_detail" VALUES (869146,1307681,'DP23','DPB1*23:01','DPB1*23:01','144');
INSERT INTO "Luminex_SA_bead_detail" VALUES (869146,1307681,'DP23','DPA1*01:03,DPB1*23:01','DPA1*01:03,DPB1*23:01','144');
INSERT INTO "Luminex_SA_bead_detail" VALUES (869146,1307681,'DP23','NULL',NULL,'144');
INSERT INTO "Luminex_SA_bead_detail" VALUES (869146,1307681,'DP20','DPB1*20:01','DPB1*20:01','3235');
INSERT INTO "Luminex_SA_bead_detail" VALUES (869146,1307681,'DP20','DPA1*03:01,DPB1*20:01','DPA1*03:01,DPB1*20:01','3235');
INSERT INTO "Luminex_SA_bead_detail" VALUES (869146,1307681,'DP20','NULL',NULL,'3235');
INSERT INTO "Luminex_SA_bead_detail" VALUES (869146,1307681,'DP19','DPB1*19:01','DPB1*19:01','11');
INSERT INTO "Luminex_SA_bead_detail" VALUES (869146,1307681,'DP19','DPA1*01:03,DPB1*19:01','DPA1*01:03,DPB1*19:01','11');
INSERT INTO "Luminex_SA_bead_detail" VALUES (869146,1307681,'DP19','NULL',NULL,'11');
INSERT INTO "Luminex_SA_bead_detail" VALUES (869146,1307681,'DP18','DPA1*01:04','DPA1*01:04','16634');
INSERT INTO "Luminex_SA_bead_detail" VALUES (869146,1307681,'DP18','DPA1*01:04,DPB1*18:01','DPA1*01:04,DPB1*18:01','16634');
INSERT INTO "Luminex_SA_bead_detail" VALUES (869146,1307681,'DP18','DPA1*01:05,DPB1*18:01','DPA1*01:05,DPB1*18:01','17795');
INSERT INTO "Luminex_SA_bead_detail" VALUES (869146,1307681,'DP18','DPB1*18:01','DPB1*18:01','19169');
INSERT INTO "Luminex_SA_bead_detail" VALUES (869146,1307681,'DP18','DPA1*02:01,DPB1*18:01','DPA1*02:01,DPB1*18:01','19169');
INSERT INTO "Luminex_SA_bead_detail" VALUES (869146,1307681,'DP18','NULL',NULL,'19169');
INSERT INTO "Luminex_SA_bead_detail" VALUES (869146,1307681,'DP17','DPB1*17:01','DPB1*17:01','3171');
INSERT INTO "Luminex_SA_bead_detail" VALUES (869146,1307681,'DP17','DPA1*02:01,DPB1*17:01','DPA1*02:01,DPB1*17:01','3171');
INSERT INTO "Luminex_SA_bead_detail" VALUES (869146,1307681,'DP17','NULL',NULL,'3171');
INSERT INTO "Luminex_SA_bead_detail" VALUES (869146,1307681,'DP15','DPB1*15:01','DPB1*15:01','46');
INSERT INTO "Luminex_SA_bead_detail" VALUES (869146,1307681,'DP15','DPA1*02:01,DPB1*15:01','DPA1*02:01,DPB1*15:01','46');
INSERT INTO "Luminex_SA_bead_detail" VALUES (869146,1307681,'DP15','NULL',NULL,'46');
INSERT INTO "Luminex_SA_bead_detail" VALUES (869146,1307681,'DP14','DPB1*14:01','DPB1*14:01','3273');
INSERT INTO "Luminex_SA_bead_detail" VALUES (869146,1307681,'DP14','DPA1*02:01,DPB1*14:01','DPA1*02:01,DPB1*14:01','3273');
INSERT INTO "Luminex_SA_bead_detail" VALUES (869146,1307681,'DP14','NULL',NULL,'3273');
INSERT INTO "Luminex_SA_bead_detail" VALUES (869146,1307681,'DP13','DPA1*03:01,DPB1*13:01','DPA1*03:01,DPB1*13:01','3');
INSERT INTO "Luminex_SA_bead_detail" VALUES (869146,1307681,'DP13','DPA1*02:02,DPB1*13:01','DPA1*02:02,DPB1*13:01','35');
INSERT INTO "Luminex_SA_bead_detail" VALUES (869146,1307681,'DP13','DPB1*13:01','DPB1*13:01','35');
INSERT INTO "Luminex_SA_bead_detail" VALUES (869146,1307681,'DP13','DPA1*02:01,DPB1*13:01','DPA1*02:01,DPB1*13:01','23');
INSERT INTO "Luminex_SA_bead_detail" VALUES (869146,1307681,'DP13','NULL',NULL,'35');
INSERT INTO "Luminex_SA_bead_detail" VALUES (869146,1307681,'DP11','DPA1*02:02,DPB1*11:01','DPA1*02:02,DPB1*11:01','0');
INSERT INTO "Luminex_SA_bead_detail" VALUES (869146,1307681,'DP11','DPB1*11:01','DPB1*11:01','5');
INSERT INTO "Luminex_SA_bead_detail" VALUES (869146,1307681,'DP11','DPA1*01:03,DPB1*11:01','DPA1*01:03,DPB1*11:01','5');
INSERT INTO "Luminex_SA_bead_detail" VALUES (869146,1307681,'DP11','NULL',NULL,'5');
INSERT INTO "Luminex_SA_bead_detail" VALUES (869146,1307681,'DP10','DPB1*10:01','DPB1*10:01','14977');
INSERT INTO "Luminex_SA_bead_detail" VALUES (869146,1307681,'DP10','DPA1*02:02,DPB1*10:01','DPA1*02:02,DPB1*10:01','14977');
INSERT INTO "Luminex_SA_bead_detail" VALUES (869146,1307681,'DP10','NULL',NULL,'14977');
INSERT INTO "Luminex_SA_bead_detail" VALUES (869146,1307681,'DP9','DPB1*09:01','DPB1*09:01','3371');
INSERT INTO "Luminex_SA_bead_detail" VALUES (869146,1307681,'DP9','DPA1*02:01,DPB1*09:01','DPA1*02:01,DPB1*09:01','3371');
INSERT INTO "Luminex_SA_bead_detail" VALUES (869146,1307681,'DP9','NULL',NULL,'3371');
INSERT INTO "Luminex_SA_bead_detail" VALUES (869146,1307681,'DP6','DPA1*01:03,DPB1*06:01','DPA1*01:03,DPB1*06:01','3382');
INSERT INTO "Luminex_SA_bead_detail" VALUES (869146,1307681,'DP6','DPB1*06:01','DPB1*06:01','3382');
INSERT INTO "Luminex_SA_bead_detail" VALUES (869146,1307681,'DP6','DPA1*02:01,DPB1*06:01','DPA1*02:01,DPB1*06:01','2986');
INSERT INTO "Luminex_SA_bead_detail" VALUES (869146,1307681,'DP6','NULL',NULL,'3382');
INSERT INTO "Luminex_SA_bead_detail" VALUES (869146,1307681,'DP5','DPA1*02:01,DPB1*05:01','DPA1*02:01,DPB1*05:01','12');
INSERT INTO "Luminex_SA_bead_detail" VALUES (869146,1307681,'DP5','DPB1*05:01','DPB1*05:01','156');
INSERT INTO "Luminex_SA_bead_detail" VALUES (869146,1307681,'DP5','DPA1*02:02,DPB1*05:01','DPA1*02:02,DPB1*05:01','156');
INSERT INTO "Luminex_SA_bead_detail" VALUES (869146,1307681,'DP5','NULL',NULL,'156');
INSERT INTO "Luminex_SA_bead_detail" VALUES (869146,1307681,'DP4','DPB1*04:02','DPB1*04:02','17978');
INSERT INTO "Luminex_SA_bead_detail" VALUES (869146,1307681,'DP4','DPA1*01:03,DPB1*04:02','DPA1*01:03,DPB1*04:02','17978');
INSERT INTO "Luminex_SA_bead_detail" VALUES (869146,1307681,'DP4','DPB1*04:01','DPB1*04:01','33');
INSERT INTO "Luminex_SA_bead_detail" VALUES (869146,1307681,'DP4','DPA1*01:03,DPB1*04:01','DPA1*01:03,DPB1*04:01','33');
INSERT INTO "Luminex_SA_bead_detail" VALUES (869146,1307681,'DP4','NULL',NULL,'17978');
INSERT INTO "Luminex_SA_bead_detail" VALUES (869146,1307681,'DP3','DPA1*02:01,DPB1*03:01','DPA1*02:01,DPB1*03:01','3471');
INSERT INTO "Luminex_SA_bead_detail" VALUES (869146,1307681,'DP3','DPA1*01:05,DPB1*03:01','DPA1*01:05,DPB1*03:01','4131');
INSERT INTO "Luminex_SA_bead_detail" VALUES (869146,1307681,'DP3','DPB1*03:01','DPB1*03:01','4852');
INSERT INTO "Luminex_SA_bead_detail" VALUES (869146,1307681,'DP3','DPA1*01:03,DPB1*03:01','DPA1*01:03,DPB1*03:01','4852');
INSERT INTO "Luminex_SA_bead_detail" VALUES (869146,1307681,'DP3','NULL',NULL,'4852');
INSERT INTO "Luminex_SA_bead_detail" VALUES (869146,1307681,'DP2','DPB1*02:01','DPB1*02:01','19463');
INSERT INTO "Luminex_SA_bead_detail" VALUES (869146,1307681,'DP2','DPA1*01:03,DPB1*02:01','DPA1*01:03,DPB1*02:01','19463');
INSERT INTO "Luminex_SA_bead_detail" VALUES (869146,1307681,'DP2','NULL',NULL,'19463');
INSERT INTO "Luminex_SA_bead_detail" VALUES (869146,1307681,'DP1','DPA1*02:01,DPB1*01:01','DPA1*02:01,DPB1*01:01','169');
INSERT INTO "Luminex_SA_bead_detail" VALUES (869146,1307681,'DP1','DPB1*01:01','DPB1*01:01','169');
INSERT INTO "Luminex_SA_bead_detail" VALUES (869146,1307681,'DP1','DPA1*01:03,DPB1*01:01','DPA1*01:03,DPB1*01:01','10');
INSERT INTO "Luminex_SA_bead_detail" VALUES (869146,1307681,'DP1','NULL',NULL,'169');
INSERT INTO "Luminex_SA_bead_detail" VALUES (869146,1307681,'DQ9','DQA1*03:02','DQA1*03:02','0');
INSERT INTO "Luminex_SA_bead_detail" VALUES (869146,1307681,'DQ9','DQA1*03:02,DQB1*03:03','DQA1*03:02,DQB1*03:03','0');
INSERT INTO "Luminex_SA_bead_detail" VALUES (869146,1307681,'DQ9','DQA1*03:01,DQB1*03:03','DQA1*03:01,DQB1*03:03','2');
INSERT INTO "Luminex_SA_bead_detail" VALUES (869146,1307681,'DQ9','DQB1*03:03','DQB1*03:03','2');
INSERT INTO "Luminex_SA_bead_detail" VALUES (869146,1307681,'DQ9','DQA1*02:01,DQB1*03:03','DQA1*02:01,DQB1*03:03','0');
INSERT INTO "Luminex_SA_bead_detail" VALUES (869146,1307681,'DQ9','NULL',NULL,'2');
INSERT INTO "Luminex_SA_bead_detail" VALUES (869146,1307681,'DQ8','DQA1*03:03,DQB1*03:02','DQA1*03:03,DQB1*03:02','0');
INSERT INTO "Luminex_SA_bead_detail" VALUES (869146,1307681,'DQ8','DQA1*03:01,DQB1*03:02','DQA1*03:01,DQB1*03:02','0');
INSERT INTO "Luminex_SA_bead_detail" VALUES (869146,1307681,'DQ8','DQB1*03:02','DQB1*03:02','17');
INSERT INTO "Luminex_SA_bead_detail" VALUES (869146,1307681,'DQ8','DQA1*02:01,DQB1*03:02','DQA1*02:01,DQB1*03:02','17');
INSERT INTO "Luminex_SA_bead_detail" VALUES (869146,1307681,'DQ8','NULL',NULL,'17');
INSERT INTO "Luminex_SA_bead_detail" VALUES (869146,1307681,'DQ7','DQA1*06:01','DQA1*06:01','31334');
INSERT INTO "Luminex_SA_bead_detail" VALUES (869146,1307681,'DQ7','DQA1*06:01,DQB1*03:01','DQA1*06:01,DQB1*03:01','31334');
INSERT INTO "Luminex_SA_bead_detail" VALUES (869146,1307681,'DQ7','DQB1*03:19','DQB1*03:19','31146');
INSERT INTO "Luminex_SA_bead_detail" VALUES (869146,1307681,'DQ7','DQA1*05:05','DQA1*05:05','31146');
INSERT INTO "Luminex_SA_bead_detail" VALUES (869146,1307681,'DQ7','DQA1*05:05,DQB1*03:19','DQA1*05:05,DQB1*03:19','31146');
INSERT INTO "Luminex_SA_bead_detail" VALUES (869146,1307681,'DQ7','DQA1*05:03','DQA1*05:03','30604');
INSERT INTO "Luminex_SA_bead_detail" VALUES (869146,1307681,'DQ7','DQA1*05:03,DQB1*03:01','DQA1*05:03,DQB1*03:01','30604');
INSERT INTO "Luminex_SA_bead_detail" VALUES (869146,1307681,'DQ7','DQA1*02:01,DQB1*03:01','DQA1*02:01,DQB1*03:01','24640');
INSERT INTO "Luminex_SA_bead_detail" VALUES (869146,1307681,'DQ7','DQB1*03:01','DQB1*03:01','31334');
INSERT INTO "Luminex_SA_bead_detail" VALUES (869146,1307681,'DQ7','DQA1*03:01,DQB1*03:01','DQA1*03:01,DQB1*03:01','15422');
INSERT INTO "Luminex_SA_bead_detail" VALUES (869146,1307681,'DQ7','NULL',NULL,'31334');
INSERT INTO "Luminex_SA_bead_detail" VALUES (869146,1307681,'DQ6','DQB1*06:09','DQB1*06:09','84');
INSERT INTO "Luminex_SA_bead_detail" VALUES (869146,1307681,'DQ6','DQA1*01:02,DQB1*06:09','DQA1*01:02,DQB1*06:09','84');
INSERT INTO "Luminex_SA_bead_detail" VALUES (869146,1307681,'DQ6','DQB1*06:04','DQB1*06:04','0');
INSERT INTO "Luminex_SA_bead_detail" VALUES (869146,1307681,'DQ6','DQA1*01:02,DQB1*06:04','DQA1*01:02,DQB1*06:04','0');
INSERT INTO "Luminex_SA_bead_detail" VALUES (869146,1307681,'DQ6','DQB1*06:03','DQB1*06:03','33');
INSERT INTO "Luminex_SA_bead_detail" VALUES (869146,1307681,'DQ6','DQA1*01:03,DQB1*06:03','DQA1*01:03,DQB1*06:03','33');
INSERT INTO "Luminex_SA_bead_detail" VALUES (869146,1307681,'DQ6','DQA1*01:01,DQB1*06:02','DQA1*01:01,DQB1*06:02','1');
INSERT INTO "Luminex_SA_bead_detail" VALUES (869146,1307681,'DQ6','DQB1*06:02','DQB1*06:02','15');
INSERT INTO "Luminex_SA_bead_detail" VALUES (869146,1307681,'DQ6','DQA1*01:02,DQB1*06:02','DQA1*01:02,DQB1*06:02','15');
INSERT INTO "Luminex_SA_bead_detail" VALUES (869146,1307681,'DQ6','DQB1*06:01','DQB1*06:01','430');
INSERT INTO "Luminex_SA_bead_detail" VALUES (869146,1307681,'DQ6','DQA1*01:03','DQA1*01:03','430');
INSERT INTO "Luminex_SA_bead_detail" VALUES (869146,1307681,'DQ6','DQA1*01:03,DQB1*06:01','DQA1*01:03,DQB1*06:01','430');
INSERT INTO "Luminex_SA_bead_detail" VALUES (869146,1307681,'DQ6','NULL',NULL,'430');
INSERT INTO "Luminex_SA_bead_detail" VALUES (869146,1307681,'DQ5','DQB1*05:02','DQB1*05:02','69');
INSERT INTO "Luminex_SA_bead_detail" VALUES (869146,1307681,'DQ5','DQA1*01:02,DQB1*05:02','DQA1*01:02,DQB1*05:02','69');
INSERT INTO "Luminex_SA_bead_detail" VALUES (869146,1307681,'DQ5','DQB1*05:01','DQB1*05:01','9');
INSERT INTO "Luminex_SA_bead_detail" VALUES (869146,1307681,'DQ5','DQA1*01:01,DQB1*05:01','DQA1*01:01,DQB1*05:01','9');
INSERT INTO "Luminex_SA_bead_detail" VALUES (869146,1307681,'DQ5','NULL',NULL,'69');
INSERT INTO "Luminex_SA_bead_detail" VALUES (869146,1307681,'DQ4','DQA1*04:01,DQB1*04:02','DQA1*04:01,DQB1*04:02','8959');
INSERT INTO "Luminex_SA_bead_detail" VALUES (869146,1307681,'DQ4','DQB1*04:02','DQB1*04:02','8959');
INSERT INTO "Luminex_SA_bead_detail" VALUES (869146,1307681,'DQ4','DQA1*02:01,DQB1*04:02','DQA1*02:01,DQB1*04:02','1097');
INSERT INTO "Luminex_SA_bead_detail" VALUES (869146,1307681,'DQ4','DQA1*03:03,DQB1*04:01','DQA1*03:03,DQB1*04:01','1439');
INSERT INTO "Luminex_SA_bead_detail" VALUES (869146,1307681,'DQ4','DQB1*04:01','DQB1*04:01','1439');
INSERT INTO "Luminex_SA_bead_detail" VALUES (869146,1307681,'DQ4','DQA1*02:01,DQB1*04:01','DQA1*02:01,DQB1*04:01','712');
INSERT INTO "Luminex_SA_bead_detail" VALUES (869146,1307681,'DQ4','NULL',NULL,'8959');
INSERT INTO "Luminex_SA_bead_detail" VALUES (869146,1307681,'DQ2','DQB1*02:02','DQB1*02:02','5058');
INSERT INTO "Luminex_SA_bead_detail" VALUES (869146,1307681,'DQ2','DQA1*02:01,DQB1*02:02','DQA1*02:01,DQB1*02:02','5058');
INSERT INTO "Luminex_SA_bead_detail" VALUES (869146,1307681,'DQ2','DQA1*05:01','DQA1*05:01','27774');
INSERT INTO "Luminex_SA_bead_detail" VALUES (869146,1307681,'DQ2','DQA1*05:01,DQB1*02:01','DQA1*05:01,DQB1*02:01','27774');
INSERT INTO "Luminex_SA_bead_detail" VALUES (869146,1307681,'DQ2','DQA1*04:01,DQB1*02:01','DQA1*04:01,DQB1*02:01','11578');
INSERT INTO "Luminex_SA_bead_detail" VALUES (869146,1307681,'DQ2','DQA1*03:01,DQB1*02:01','DQA1*03:01,DQB1*02:01','7107');
INSERT INTO "Luminex_SA_bead_detail" VALUES (869146,1307681,'DQ2','DQB1*02:01','DQB1*02:01','27774');
INSERT INTO "Luminex_SA_bead_detail" VALUES (869146,1307681,'DQ2','DQA1*02:01,DQB1*02:01','DQA1*02:01,DQB1*02:01','5092');
INSERT INTO "Luminex_SA_bead_detail" VALUES (869146,1307681,'DQ2','NULL',NULL,'27774');
INSERT INTO "Luminex_SA_bead_detail" VALUES (869146,1307681,'DR53','DRB4*01:03','DRB4*01:03','58');
INSERT INTO "Luminex_SA_bead_detail" VALUES (869146,1307681,'DR53','DRB4*01:01','DRB4*01:01','26');
INSERT INTO "Luminex_SA_bead_detail" VALUES (869146,1307681,'DR53','NULL',NULL,'58');
INSERT INTO "Luminex_SA_bead_detail" VALUES (869146,1307681,'DR52','DRB3*03:01','DRB3*03:01','12398');
INSERT INTO "Luminex_SA_bead_detail" VALUES (869146,1307681,'DR52','DRB3*02:02','DRB3*02:02','16876');
INSERT INTO "Luminex_SA_bead_detail" VALUES (869146,1307681,'DR52','DRB3*01:01','DRB3*01:01','5588');
INSERT INTO "Luminex_SA_bead_detail" VALUES (869146,1307681,'DR52','NULL',NULL,'16876');
INSERT INTO "Luminex_SA_bead_detail" VALUES (869146,1307681,'DR51','DRB5*02:02','DRB5*02:02','109');
INSERT INTO "Luminex_SA_bead_detail" VALUES (869146,1307681,'DR51','DRB5*01:01','DRB5*01:01','17');
INSERT INTO "Luminex_SA_bead_detail" VALUES (869146,1307681,'DR51','NULL',NULL,'109');
INSERT INTO "Luminex_SA_bead_detail" VALUES (869146,1307681,'DR18','DRB1*03:02','DRB1*03:02','12463');
INSERT INTO "Luminex_SA_bead_detail" VALUES (869146,1307681,'DR18','NULL',NULL,'12463');
INSERT INTO "Luminex_SA_bead_detail" VALUES (869146,1307681,'DR17','DRB1*03:01','DRB1*03:01','11510');
INSERT INTO "Luminex_SA_bead_detail" VALUES (869146,1307681,'DR17','NULL',NULL,'11510');
INSERT INTO "Luminex_SA_bead_detail" VALUES (869146,1307681,'DR16','DRB1*16:02','DRB1*16:02','91');
INSERT INTO "Luminex_SA_bead_detail" VALUES (869146,1307681,'DR16','DRB1*16:01','DRB1*16:01','93');
INSERT INTO "Luminex_SA_bead_detail" VALUES (869146,1307681,'DR16','NULL',NULL,'93');
INSERT INTO "Luminex_SA_bead_detail" VALUES (869146,1307681,'DR15','DRB1*15:03','DRB1*15:03','113');
INSERT INTO "Luminex_SA_bead_detail" VALUES (869146,1307681,'DR15','DRB1*15:02','DRB1*15:02','116');
INSERT INTO "Luminex_SA_bead_detail" VALUES (869146,1307681,'DR15','DRB1*15:01','DRB1*15:01','88');
INSERT INTO "Luminex_SA_bead_detail" VALUES (869146,1307681,'DR15','NULL',NULL,'116');
INSERT INTO "Luminex_SA_bead_detail" VALUES (869146,1307681,'DR14','DRB1*14:54','DRB1*14:54','20488');
INSERT INTO "Luminex_SA_bead_detail" VALUES (869146,1307681,'DR14','DRB1*14:02','DRB1*14:02','12524');
INSERT INTO "Luminex_SA_bead_detail" VALUES (869146,1307681,'DR14','DRB1*14:01','DRB1*14:01','20575');
INSERT INTO "Luminex_SA_bead_detail" VALUES (869146,1307681,'DR14','NULL',NULL,'20575');
INSERT INTO "Luminex_SA_bead_detail" VALUES (869146,1307681,'DR13','DRB1*13:03','DRB1*13:03','21813');
INSERT INTO "Luminex_SA_bead_detail" VALUES (869146,1307681,'DR13','DRB1*13:01','DRB1*13:01','16131');
INSERT INTO "Luminex_SA_bead_detail" VALUES (869146,1307681,'DR13','NULL',NULL,'21813');
INSERT INTO "Luminex_SA_bead_detail" VALUES (869146,1307681,'DR12','DRB1*12:02','DRB1*12:02','14991');
INSERT INTO "Luminex_SA_bead_detail" VALUES (869146,1307681,'DR12','DRB1*12:01','DRB1*12:01','11427');
INSERT INTO "Luminex_SA_bead_detail" VALUES (869146,1307681,'DR12','NULL',NULL,'14991');
INSERT INTO "Luminex_SA_bead_detail" VALUES (869146,1307681,'DR11','DRB1*11:04','DRB1*11:04','24255');
INSERT INTO "Luminex_SA_bead_detail" VALUES (869146,1307681,'DR11','DRB1*11:01','DRB1*11:01','22342');
INSERT INTO "Luminex_SA_bead_detail" VALUES (869146,1307681,'DR11','NULL',NULL,'24255');
INSERT INTO "Luminex_SA_bead_detail" VALUES (869146,1307681,'DR10','DRB1*10:01','DRB1*10:01','190');
INSERT INTO "Luminex_SA_bead_detail" VALUES (869146,1307681,'DR10','NULL',NULL,'190');
INSERT INTO "Luminex_SA_bead_detail" VALUES (869146,1307681,'DR9','DRB1*09:02','DRB1*09:02','4643');
INSERT INTO "Luminex_SA_bead_detail" VALUES (869146,1307681,'DR9','DRB1*09:01','DRB1*09:01','2234');
INSERT INTO "Luminex_SA_bead_detail" VALUES (869146,1307681,'DR9','NULL',NULL,'4643');
INSERT INTO "Luminex_SA_bead_detail" VALUES (869146,1307681,'DR8','DRB1*08:01','DRB1*08:01','20242');
INSERT INTO "Luminex_SA_bead_detail" VALUES (869146,1307681,'DR8','NULL',NULL,'20242');
INSERT INTO "Luminex_SA_bead_detail" VALUES (869146,1307681,'DR7','DRB1*07:01','DRB1*07:01','3566');
INSERT INTO "Luminex_SA_bead_detail" VALUES (869146,1307681,'DR7','NULL',NULL,'3566');
INSERT INTO "Luminex_SA_bead_detail" VALUES (869146,1307681,'DR4','DRB1*04:03','DRB1*04:03','73');
INSERT INTO "Luminex_SA_bead_detail" VALUES (869146,1307681,'DR4','DRB1*04:05','DRB1*04:05','92');
INSERT INTO "Luminex_SA_bead_detail" VALUES (869146,1307681,'DR4','DRB1*04:04','DRB1*04:04','39');
INSERT INTO "Luminex_SA_bead_detail" VALUES (869146,1307681,'DR4','DRB1*04:02','DRB1*04:02','70');
INSERT INTO "Luminex_SA_bead_detail" VALUES (869146,1307681,'DR4','DRB1*04:01','DRB1*04:01','96');
INSERT INTO "Luminex_SA_bead_detail" VALUES (869146,1307681,'DR4','NULL',NULL,'96');
INSERT INTO "Luminex_SA_bead_detail" VALUES (869146,1307681,'DR103','DRB1*01:03','DRB1*01:03','110');
INSERT INTO "Luminex_SA_bead_detail" VALUES (869146,1307681,'DR103','NULL',NULL,'110');
INSERT INTO "Luminex_SA_bead_detail" VALUES (869146,1307681,'DR1','DRB1*01:02','DRB1*01:02','93');
INSERT INTO "Luminex_SA_bead_detail" VALUES (869146,1307681,'DR1','DRB1*01:01','DRB1*01:01','105');
INSERT INTO "Luminex_SA_bead_detail" VALUES (869146,1307681,'DR1','NULL',NULL,'105');
INSERT INTO "Luminex_SA_bead_detail" VALUES (374915,1307682,'','','',NULL);
INSERT INTO "Luminex_SA_bead_detail" VALUES (374915,1307682,'Cw18','C*18:02','C*18:02','391');
INSERT INTO "Luminex_SA_bead_detail" VALUES (374915,1307682,'Cw17','C*17:01','C*17:01','542');
INSERT INTO "Luminex_SA_bead_detail" VALUES (374915,1307682,'Cw17','','','542');
INSERT INTO "Luminex_SA_bead_detail" VALUES (374915,1307682,'Cw16','C*16:01','C*16:01','506');
INSERT INTO "Luminex_SA_bead_detail" VALUES (374915,1307682,'Cw16','','','506');
INSERT INTO "Luminex_SA_bead_detail" VALUES (374915,1307682,'Cw15','C*15:02','C*15:02','110');
INSERT INTO "Luminex_SA_bead_detail" VALUES (374915,1307682,'Cw15','','','110');
INSERT INTO "Luminex_SA_bead_detail" VALUES (374915,1307682,'Cw14','C*14:02','C*14:02','201');
INSERT INTO "Luminex_SA_bead_detail" VALUES (374915,1307682,'Cw14','','','201');
INSERT INTO "Luminex_SA_bead_detail" VALUES (374915,1307682,'Cw12','C*12:03','C*12:03','117');
INSERT INTO "Luminex_SA_bead_detail" VALUES (374915,1307682,'Cw12','','','117');
INSERT INTO "Luminex_SA_bead_detail" VALUES (374915,1307682,'Cw10','C*03:04','C*03:04','92');
INSERT INTO "Luminex_SA_bead_detail" VALUES (374915,1307682,'Cw10','C*03:02','C*03:02','143');
INSERT INTO "Luminex_SA_bead_detail" VALUES (374915,1307682,'Cw10','','','143');
INSERT INTO "Luminex_SA_bead_detail" VALUES (374915,1307682,'Cw9','C*03:03','C*03:03','148');
INSERT INTO "Luminex_SA_bead_detail" VALUES (374915,1307682,'Cw9','','','148');
INSERT INTO "Luminex_SA_bead_detail" VALUES (374915,1307682,'Cw8','C*08:01','C*08:01','160');
INSERT INTO "Luminex_SA_bead_detail" VALUES (374915,1307682,'Cw8','','','160');
INSERT INTO "Luminex_SA_bead_detail" VALUES (374915,1307682,'Cw7','C*07:02','C*07:02','210');
INSERT INTO "Luminex_SA_bead_detail" VALUES (374915,1307682,'Cw7','','','210');
INSERT INTO "Luminex_SA_bead_detail" VALUES (374915,1307682,'Cw6','C*06:02','C*06:02','253');
INSERT INTO "Luminex_SA_bead_detail" VALUES (374915,1307682,'Cw6','','','253');
INSERT INTO "Luminex_SA_bead_detail" VALUES (374915,1307682,'Cw5','C*05:01','C*05:01','240');
INSERT INTO "Luminex_SA_bead_detail" VALUES (374915,1307682,'Cw5','','','240');
INSERT INTO "Luminex_SA_bead_detail" VALUES (374915,1307682,'Cw4','C*04:01','C*04:01','123');
INSERT INTO "Luminex_SA_bead_detail" VALUES (374915,1307682,'Cw4','','','123');
INSERT INTO "Luminex_SA_bead_detail" VALUES (374915,1307682,'Cw2','C*02:02','C*02:02','215');
INSERT INTO "Luminex_SA_bead_detail" VALUES (374915,1307682,'Cw2','','','215');
INSERT INTO "Luminex_SA_bead_detail" VALUES (374915,1307682,'Cw1','C*01:02','C*01:02','105');
INSERT INTO "Luminex_SA_bead_detail" VALUES (374915,1307682,'Cw1','','','105');
INSERT INTO "Luminex_SA_bead_detail" VALUES (374915,1307682,'Bw6','B*40:06','B*40:06','114');
INSERT INTO "Luminex_SA_bead_detail" VALUES (374915,1307682,'Bw6','B*15:11','B*15:11','176');
INSERT INTO "Luminex_SA_bead_detail" VALUES (374915,1307682,'Bw6','B*82:01','B*82:01','162');
INSERT INTO "Luminex_SA_bead_detail" VALUES (374915,1307682,'Bw6','B*81:01','B*81:01','130');
INSERT INTO "Luminex_SA_bead_detail" VALUES (374915,1307682,'Bw6','B*78:01','B*78:01','254');
INSERT INTO "Luminex_SA_bead_detail" VALUES (374915,1307682,'Bw6','B*73:01','B*73:01','186');
INSERT INTO "Luminex_SA_bead_detail" VALUES (374915,1307682,'Bw6','B*67:01','B*67:01','199');
INSERT INTO "Luminex_SA_bead_detail" VALUES (374915,1307682,'Bw6','B*56:01','B*56:01','125');
INSERT INTO "Luminex_SA_bead_detail" VALUES (374915,1307682,'Bw6','B*55:01','B*55:01','126');
INSERT INTO "Luminex_SA_bead_detail" VALUES (374915,1307682,'Bw6','B*54:01','B*54:01','243');
INSERT INTO "Luminex_SA_bead_detail" VALUES (374915,1307682,'Bw6','B*50:01','B*50:01','96');
INSERT INTO "Luminex_SA_bead_detail" VALUES (374915,1307682,'Bw6','B*46:01','B*46:01','424');
INSERT INTO "Luminex_SA_bead_detail" VALUES (374915,1307682,'Bw6','B*48:01','B*48:01','133');
INSERT INTO "Luminex_SA_bead_detail" VALUES (374915,1307682,'Bw6','B*45:01','B*45:01','211');
INSERT INTO "Luminex_SA_bead_detail" VALUES (374915,1307682,'Bw6','B*42:01','B*42:01','126');
INSERT INTO "Luminex_SA_bead_detail" VALUES (374915,1307682,'Bw6','B*41:01','B*41:01','183');
INSERT INTO "Luminex_SA_bead_detail" VALUES (374915,1307682,'Bw6','B*40:02','B*40:02','136');
INSERT INTO "Luminex_SA_bead_detail" VALUES (374915,1307682,'Bw6','B*40:01','B*40:01','138');
INSERT INTO "Luminex_SA_bead_detail" VALUES (374915,1307682,'Bw6','B*39:01','B*39:01','102');
INSERT INTO "Luminex_SA_bead_detail" VALUES (374915,1307682,'Bw6','B*35:01','B*35:01','202');
INSERT INTO "Luminex_SA_bead_detail" VALUES (374915,1307682,'Bw6','B*27:08','B*27:08','236');
INSERT INTO "Luminex_SA_bead_detail" VALUES (374915,1307682,'Bw6','B*18:01','B*18:01','154');
INSERT INTO "Luminex_SA_bead_detail" VALUES (374915,1307682,'Bw6','B*15:12','B*15:12','0');
INSERT INTO "Luminex_SA_bead_detail" VALUES (374915,1307682,'Bw6','B*15:10','B*15:10','100');
INSERT INTO "Luminex_SA_bead_detail" VALUES (374915,1307682,'Bw6','B*15:03','B*15:03','105');
INSERT INTO "Luminex_SA_bead_detail" VALUES (374915,1307682,'Bw6','B*15:02','B*15:02','155');
INSERT INTO "Luminex_SA_bead_detail" VALUES (374915,1307682,'Bw6','B*15:01','B*15:01','133');
INSERT INTO "Luminex_SA_bead_detail" VALUES (374915,1307682,'Bw6','B*14:02','B*14:02','261');
INSERT INTO "Luminex_SA_bead_detail" VALUES (374915,1307682,'Bw6','B*14:01','B*14:01','222');
INSERT INTO "Luminex_SA_bead_detail" VALUES (374915,1307682,'Bw6','B*08:01','B*08:01','203');
INSERT INTO "Luminex_SA_bead_detail" VALUES (374915,1307682,'Bw6','B*07:02','B*07:02','55');
INSERT INTO "Luminex_SA_bead_detail" VALUES (374915,1307682,'Bw6','','','424');
INSERT INTO "Luminex_SA_bead_detail" VALUES (374915,1307682,'Bw4','B*13:01','B*13:01','124');
INSERT INTO "Luminex_SA_bead_detail" VALUES (374915,1307682,'Bw4','B*59:01','B*59:01','127');
INSERT INTO "Luminex_SA_bead_detail" VALUES (374915,1307682,'Bw4','B*58:01','B*58:01','129');
INSERT INTO "Luminex_SA_bead_detail" VALUES (374915,1307682,'Bw4','B*57:03','B*57:03','244');
INSERT INTO "Luminex_SA_bead_detail" VALUES (374915,1307682,'Bw4','B*57:01','B*57:01','239');
INSERT INTO "Luminex_SA_bead_detail" VALUES (374915,1307682,'Bw4','B*53:01','B*53:01','147');
INSERT INTO "Luminex_SA_bead_detail" VALUES (374915,1307682,'Bw4','B*52:01','B*52:01','161');
INSERT INTO "Luminex_SA_bead_detail" VALUES (374915,1307682,'Bw4','B*51:02','B*51:02','140');
INSERT INTO "Luminex_SA_bead_detail" VALUES (374915,1307682,'Bw4','B*51:01','B*51:01','221');
INSERT INTO "Luminex_SA_bead_detail" VALUES (374915,1307682,'Bw4','B*47:01','B*47:01','137');
INSERT INTO "Luminex_SA_bead_detail" VALUES (374915,1307682,'Bw4','B*49:01','B*49:01','112');
INSERT INTO "Luminex_SA_bead_detail" VALUES (374915,1307682,'Bw4','B*44:03','B*44:03','141');
INSERT INTO "Luminex_SA_bead_detail" VALUES (374915,1307682,'Bw4','B*44:02','B*44:02','218');
INSERT INTO "Luminex_SA_bead_detail" VALUES (374915,1307682,'Bw4','B*38:01','B*38:01','104');
INSERT INTO "Luminex_SA_bead_detail" VALUES (374915,1307682,'Bw4','B*37:01','B*37:01','1263');
INSERT INTO "Luminex_SA_bead_detail" VALUES (374915,1307682,'Bw4','B*15:16','B*15:16','136');
INSERT INTO "Luminex_SA_bead_detail" VALUES (374915,1307682,'Bw4','B*15:13','B*15:13','130');
INSERT INTO "Luminex_SA_bead_detail" VALUES (374915,1307682,'Bw4','B*13:02','B*13:02','180');
INSERT INTO "Luminex_SA_bead_detail" VALUES (374915,1307682,'Bw4','B*27:05','B*27:05','125');
INSERT INTO "Luminex_SA_bead_detail" VALUES (374915,1307682,'Bw4','','','1263');
INSERT INTO "Luminex_SA_bead_detail" VALUES (374915,1307682,'B82','B*82:01','B*82:01','162');
INSERT INTO "Luminex_SA_bead_detail" VALUES (374915,1307682,'B82','','','162');
INSERT INTO "Luminex_SA_bead_detail" VALUES (374915,1307682,'B81','B*81:01','B*81:01','130');
INSERT INTO "Luminex_SA_bead_detail" VALUES (374915,1307682,'B81','','','130');
INSERT INTO "Luminex_SA_bead_detail" VALUES (374915,1307682,'B78','B*78:01','B*78:01','254');
INSERT INTO "Luminex_SA_bead_detail" VALUES (374915,1307682,'B78','','','254');
INSERT INTO "Luminex_SA_bead_detail" VALUES (374915,1307682,'B77','B*15:13','B*15:13','130');
INSERT INTO "Luminex_SA_bead_detail" VALUES (374915,1307682,'B77','','','130');
INSERT INTO "Luminex_SA_bead_detail" VALUES (374915,1307682,'B76','B*15:12','B*15:12','0');
INSERT INTO "Luminex_SA_bead_detail" VALUES (374915,1307682,'B76','','','0');
INSERT INTO "Luminex_SA_bead_detail" VALUES (374915,1307682,'B75','B*15:11','B*15:11','176');
INSERT INTO "Luminex_SA_bead_detail" VALUES (374915,1307682,'B75','B*15:02','B*15:02','155');
INSERT INTO "Luminex_SA_bead_detail" VALUES (374915,1307682,'B75','','','176');
INSERT INTO "Luminex_SA_bead_detail" VALUES (374915,1307682,'B73','B*73:01','B*73:01','186');
INSERT INTO "Luminex_SA_bead_detail" VALUES (374915,1307682,'B73','','','186');
INSERT INTO "Luminex_SA_bead_detail" VALUES (374915,1307682,'B72','B*15:03','B*15:03','105');
INSERT INTO "Luminex_SA_bead_detail" VALUES (374915,1307682,'B72','','','105');
INSERT INTO "Luminex_SA_bead_detail" VALUES (374915,1307682,'B71','B*15:10','B*15:10','100');
INSERT INTO "Luminex_SA_bead_detail" VALUES (374915,1307682,'B71','','','100');
INSERT INTO "Luminex_SA_bead_detail" VALUES (374915,1307682,'B67','B*67:01','B*67:01','199');
INSERT INTO "Luminex_SA_bead_detail" VALUES (374915,1307682,'B67','','','199');
INSERT INTO "Luminex_SA_bead_detail" VALUES (374915,1307682,'B65','B*14:02','B*14:02','261');
INSERT INTO "Luminex_SA_bead_detail" VALUES (374915,1307682,'B65','','','261');
INSERT INTO "Luminex_SA_bead_detail" VALUES (374915,1307682,'B64','B*14:01','B*14:01','222');
INSERT INTO "Luminex_SA_bead_detail" VALUES (374915,1307682,'B64','','','222');
INSERT INTO "Luminex_SA_bead_detail" VALUES (374915,1307682,'B63','B*15:16','B*15:16','136');
INSERT INTO "Luminex_SA_bead_detail" VALUES (374915,1307682,'B63','','','136');
INSERT INTO "Luminex_SA_bead_detail" VALUES (374915,1307682,'B62','B*15:01','B*15:01','133');
INSERT INTO "Luminex_SA_bead_detail" VALUES (374915,1307682,'B62','','','133');
INSERT INTO "Luminex_SA_bead_detail" VALUES (374915,1307682,'B61','B*40:06','B*40:06','114');
INSERT INTO "Luminex_SA_bead_detail" VALUES (374915,1307682,'B61','B*40:02','B*40:02','136');
INSERT INTO "Luminex_SA_bead_detail" VALUES (374915,1307682,'B61','','','136');
INSERT INTO "Luminex_SA_bead_detail" VALUES (374915,1307682,'B60','B*40:01','B*40:01','138');
INSERT INTO "Luminex_SA_bead_detail" VALUES (374915,1307682,'B60','','','138');
INSERT INTO "Luminex_SA_bead_detail" VALUES (374915,1307682,'B59','B*59:01','B*59:01','127');
INSERT INTO "Luminex_SA_bead_detail" VALUES (374915,1307682,'B59','','','127');
INSERT INTO "Luminex_SA_bead_detail" VALUES (374915,1307682,'B58','B*58:01','B*58:01','129');
INSERT INTO "Luminex_SA_bead_detail" VALUES (374915,1307682,'B58','','','129');
INSERT INTO "Luminex_SA_bead_detail" VALUES (374915,1307682,'B57','B*57:03','B*57:03','244');
INSERT INTO "Luminex_SA_bead_detail" VALUES (374915,1307682,'B57','B*57:01','B*57:01','239');
INSERT INTO "Luminex_SA_bead_detail" VALUES (374915,1307682,'B57','','','244');
INSERT INTO "Luminex_SA_bead_detail" VALUES (374915,1307682,'B56','B*56:01','B*56:01','125');
INSERT INTO "Luminex_SA_bead_detail" VALUES (374915,1307682,'B56','','','125');
INSERT INTO "Luminex_SA_bead_detail" VALUES (374915,1307682,'B55','B*55:01','B*55:01','126');
INSERT INTO "Luminex_SA_bead_detail" VALUES (374915,1307682,'B55','','','126');
INSERT INTO "Luminex_SA_bead_detail" VALUES (374915,1307682,'B54','B*54:01','B*54:01','243');
INSERT INTO "Luminex_SA_bead_detail" VALUES (374915,1307682,'B54','','','243');
INSERT INTO "Luminex_SA_bead_detail" VALUES (374915,1307682,'B53','B*53:01','B*53:01','147');
INSERT INTO "Luminex_SA_bead_detail" VALUES (374915,1307682,'B53','','','147');
INSERT INTO "Luminex_SA_bead_detail" VALUES (374915,1307682,'B52','B*52:01','B*52:01','161');
INSERT INTO "Luminex_SA_bead_detail" VALUES (374915,1307682,'B52','','','161');
INSERT INTO "Luminex_SA_bead_detail" VALUES (374915,1307682,'B51','B*51:02','B*51:02','140');
INSERT INTO "Luminex_SA_bead_detail" VALUES (374915,1307682,'B51','B*51:01','B*51:01','221');
INSERT INTO "Luminex_SA_bead_detail" VALUES (374915,1307682,'B51','','','221');
INSERT INTO "Luminex_SA_bead_detail" VALUES (374915,1307682,'B50','B*50:01','B*50:01','96');
INSERT INTO "Luminex_SA_bead_detail" VALUES (374915,1307682,'B50','','','96');
INSERT INTO "Luminex_SA_bead_detail" VALUES (374915,1307682,'B49','B*49:01','B*49:01','112');
INSERT INTO "Luminex_SA_bead_detail" VALUES (374915,1307682,'B49','','','112');
INSERT INTO "Luminex_SA_bead_detail" VALUES (374915,1307682,'B48','B*48:01','B*48:01','133');
INSERT INTO "Luminex_SA_bead_detail" VALUES (374915,1307682,'B48','','','133');
INSERT INTO "Luminex_SA_bead_detail" VALUES (374915,1307682,'B47','B*47:01','B*47:01','137');
INSERT INTO "Luminex_SA_bead_detail" VALUES (374915,1307682,'B47','','','137');
INSERT INTO "Luminex_SA_bead_detail" VALUES (374915,1307682,'B46','B*46:01','B*46:01','424');
INSERT INTO "Luminex_SA_bead_detail" VALUES (374915,1307682,'B46','','','424');
INSERT INTO "Luminex_SA_bead_detail" VALUES (374915,1307682,'B45','B*45:01','B*45:01','211');
INSERT INTO "Luminex_SA_bead_detail" VALUES (374915,1307682,'B45','','','211');
INSERT INTO "Luminex_SA_bead_detail" VALUES (374915,1307682,'B44','B*44:03','B*44:03','141');
INSERT INTO "Luminex_SA_bead_detail" VALUES (374915,1307682,'B44','B*44:02','B*44:02','218');
INSERT INTO "Luminex_SA_bead_detail" VALUES (374915,1307682,'B44','','','218');
INSERT INTO "Luminex_SA_bead_detail" VALUES (374915,1307682,'B42','B*42:01','B*42:01','126');
INSERT INTO "Luminex_SA_bead_detail" VALUES (374915,1307682,'B42','','','126');
INSERT INTO "Luminex_SA_bead_detail" VALUES (374915,1307682,'B41','B*41:01','B*41:01','183');
INSERT INTO "Luminex_SA_bead_detail" VALUES (374915,1307682,'B41','','','183');
INSERT INTO "Luminex_SA_bead_detail" VALUES (374915,1307682,'B39','B*39:01','B*39:01','102');
INSERT INTO "Luminex_SA_bead_detail" VALUES (374915,1307682,'B39','','','102');
INSERT INTO "Luminex_SA_bead_detail" VALUES (374915,1307682,'B38','B*38:01','B*38:01','104');
INSERT INTO "Luminex_SA_bead_detail" VALUES (374915,1307682,'B38','','','104');
INSERT INTO "Luminex_SA_bead_detail" VALUES (374915,1307682,'B37','B*37:01','B*37:01','1263');
INSERT INTO "Luminex_SA_bead_detail" VALUES (374915,1307682,'B37','','','1263');
INSERT INTO "Luminex_SA_bead_detail" VALUES (374915,1307682,'B35','B*35:01','B*35:01','202');
INSERT INTO "Luminex_SA_bead_detail" VALUES (374915,1307682,'B35','','','202');
INSERT INTO "Luminex_SA_bead_detail" VALUES (374915,1307682,'B27','B*27:08','B*27:08','236');
INSERT INTO "Luminex_SA_bead_detail" VALUES (374915,1307682,'B27','B*27:05','B*27:05','125');
INSERT INTO "Luminex_SA_bead_detail" VALUES (374915,1307682,'B27','','','236');
INSERT INTO "Luminex_SA_bead_detail" VALUES (374915,1307682,'B18','B*18:01','B*18:01','154');
INSERT INTO "Luminex_SA_bead_detail" VALUES (374915,1307682,'B18','','','154');
INSERT INTO "Luminex_SA_bead_detail" VALUES (374915,1307682,'B13','B*13:01','B*13:01','124');
INSERT INTO "Luminex_SA_bead_detail" VALUES (374915,1307682,'B13','B*13:02','B*13:02','180');
INSERT INTO "Luminex_SA_bead_detail" VALUES (374915,1307682,'B13','','','180');
INSERT INTO "Luminex_SA_bead_detail" VALUES (374915,1307682,'B8','B*08:01','B*08:01','203');
INSERT INTO "Luminex_SA_bead_detail" VALUES (374915,1307682,'B8','','','203');
INSERT INTO "Luminex_SA_bead_detail" VALUES (374915,1307682,'B7','B*07:02','B*07:02','55');
INSERT INTO "Luminex_SA_bead_detail" VALUES (374915,1307682,'B7','','','55');
INSERT INTO "Luminex_SA_bead_detail" VALUES (374915,1307682,'A80','A*80:01','A*80:01','427');
INSERT INTO "Luminex_SA_bead_detail" VALUES (374915,1307682,'A80','','','427');
INSERT INTO "Luminex_SA_bead_detail" VALUES (374915,1307682,'A74','A*74:01','A*74:01','124');
INSERT INTO "Luminex_SA_bead_detail" VALUES (374915,1307682,'A74','','','124');
INSERT INTO "Luminex_SA_bead_detail" VALUES (374915,1307682,'A69','A*69:01','A*69:01','127');
INSERT INTO "Luminex_SA_bead_detail" VALUES (374915,1307682,'A69','','','127');
INSERT INTO "Luminex_SA_bead_detail" VALUES (374915,1307682,'A68','A*68:02','A*68:02','51');
INSERT INTO "Luminex_SA_bead_detail" VALUES (374915,1307682,'A68','A*68:01','A*68:01','73');
INSERT INTO "Luminex_SA_bead_detail" VALUES (374915,1307682,'A68','','','73');
INSERT INTO "Luminex_SA_bead_detail" VALUES (374915,1307682,'A66','A*66:02','A*66:02','126');
INSERT INTO "Luminex_SA_bead_detail" VALUES (374915,1307682,'A66','A*66:01','A*66:01','870');
INSERT INTO "Luminex_SA_bead_detail" VALUES (374915,1307682,'A66','','','870');
INSERT INTO "Luminex_SA_bead_detail" VALUES (374915,1307682,'A43','A*43:01','A*43:01','593');
INSERT INTO "Luminex_SA_bead_detail" VALUES (374915,1307682,'A43','','','593');
INSERT INTO "Luminex_SA_bead_detail" VALUES (374915,1307682,'A36','A*36:01','A*36:01','354');
INSERT INTO "Luminex_SA_bead_detail" VALUES (374915,1307682,'A36','','','354');
INSERT INTO "Luminex_SA_bead_detail" VALUES (374915,1307682,'A34','A*34:02','A*34:02','99');
INSERT INTO "Luminex_SA_bead_detail" VALUES (374915,1307682,'A34','A*34:01','A*34:01','163');
INSERT INTO "Luminex_SA_bead_detail" VALUES (374915,1307682,'A34','','','163');
INSERT INTO "Luminex_SA_bead_detail" VALUES (374915,1307682,'A33','A*33:03','A*33:03','0');
INSERT INTO "Luminex_SA_bead_detail" VALUES (374915,1307682,'A33','A*33:01','A*33:01','170');
INSERT INTO "Luminex_SA_bead_detail" VALUES (374915,1307682,'A33','','','170');
INSERT INTO "Luminex_SA_bead_detail" VALUES (374915,1307682,'A32','A*32:01','A*32:01','189');
INSERT INTO "Luminex_SA_bead_detail" VALUES (374915,1307682,'A32','','','189');
INSERT INTO "Luminex_SA_bead_detail" VALUES (374915,1307682,'A31','A*31:01','A*31:01','157');
INSERT INTO "Luminex_SA_bead_detail" VALUES (374915,1307682,'A31','','','157');
INSERT INTO "Luminex_SA_bead_detail" VALUES (374915,1307682,'A30','A*30:02','A*30:02','163');
INSERT INTO "Luminex_SA_bead_detail" VALUES (374915,1307682,'A30','A*30:01','A*30:01','197');
INSERT INTO "Luminex_SA_bead_detail" VALUES (374915,1307682,'A30','','','197');
INSERT INTO "Luminex_SA_bead_detail" VALUES (374915,1307682,'A29','A*29:02','A*29:02','847');
INSERT INTO "Luminex_SA_bead_detail" VALUES (374915,1307682,'A29','A*29:01','A*29:01','986');
INSERT INTO "Luminex_SA_bead_detail" VALUES (374915,1307682,'A29','','','986');
INSERT INTO "Luminex_SA_bead_detail" VALUES (374915,1307682,'A26','A*26:01','A*26:01','225');
INSERT INTO "Luminex_SA_bead_detail" VALUES (374915,1307682,'A26','','','225');
INSERT INTO "Luminex_SA_bead_detail" VALUES (374915,1307682,'A25','A*25:01','A*25:01','559');
INSERT INTO "Luminex_SA_bead_detail" VALUES (374915,1307682,'A25','','','559');
INSERT INTO "Luminex_SA_bead_detail" VALUES (374915,1307682,'A24','A*24:03','A*24:03','241');
INSERT INTO "Luminex_SA_bead_detail" VALUES (374915,1307682,'A24','A*24:02','A*24:02','163');
INSERT INTO "Luminex_SA_bead_detail" VALUES (374915,1307682,'A24','','','241');
INSERT INTO "Luminex_SA_bead_detail" VALUES (374915,1307682,'A23','A*23:01','A*23:01','72');
INSERT INTO "Luminex_SA_bead_detail" VALUES (374915,1307682,'A23','','','72');
INSERT INTO "Luminex_SA_bead_detail" VALUES (374915,1307682,'A11','A*11:02','A*11:02','556');
INSERT INTO "Luminex_SA_bead_detail" VALUES (374915,1307682,'A11','A*11:01','A*11:01','625');
INSERT INTO "Luminex_SA_bead_detail" VALUES (374915,1307682,'A11','','','625');
INSERT INTO "Luminex_SA_bead_detail" VALUES (374915,1307682,'A3','A*03:01','A*03:01','111');
INSERT INTO "Luminex_SA_bead_detail" VALUES (374915,1307682,'A3','','','111');
INSERT INTO "Luminex_SA_bead_detail" VALUES (374915,1307682,'A2','A*02:06','A*02:06','172');
INSERT INTO "Luminex_SA_bead_detail" VALUES (374915,1307682,'A2','A*02:03','A*02:03','130');
INSERT INTO "Luminex_SA_bead_detail" VALUES (374915,1307682,'A2','A*02:01','A*02:01','187');
INSERT INTO "Luminex_SA_bead_detail" VALUES (374915,1307682,'A2','','','187');
INSERT INTO "Luminex_SA_bead_detail" VALUES (374915,1307682,'A1','A*01:01','A*01:01','89');
INSERT INTO "Luminex_SA_bead_detail" VALUES (374915,1307682,'A1','','','89');
INSERT INTO "Luminex_SA_bead_detail" VALUES (374915,1307683,NULL,'NULL',NULL,NULL);
INSERT INTO "Luminex_SA_bead_detail" VALUES (374915,1307683,NULL,'DPA1*03:01','DPA1*03:01','224');
INSERT INTO "Luminex_SA_bead_detail" VALUES (374915,1307683,NULL,'DPA1*02:02','DPA1*02:02','1285');
INSERT INTO "Luminex_SA_bead_detail" VALUES (374915,1307683,NULL,'DPA1*01:05','DPA1*01:05','469');
INSERT INTO "Luminex_SA_bead_detail" VALUES (374915,1307683,NULL,'DPA1*02:01','DPA1*02:01','860');
INSERT INTO "Luminex_SA_bead_detail" VALUES (374915,1307683,NULL,'DPA1*01:03','DPA1*01:03','548');
INSERT INTO "Luminex_SA_bead_detail" VALUES (374915,1307683,NULL,'DQA1*01:02','DQA1*01:02','588');
INSERT INTO "Luminex_SA_bead_detail" VALUES (374915,1307683,NULL,'DQA1*01:01','DQA1*01:01','3725');
INSERT INTO "Luminex_SA_bead_detail" VALUES (374915,1307683,NULL,'DQA1*03:03','DQA1*03:03','1969');
INSERT INTO "Luminex_SA_bead_detail" VALUES (374915,1307683,NULL,'DQA1*04:01','DQA1*04:01','534');
INSERT INTO "Luminex_SA_bead_detail" VALUES (374915,1307683,NULL,'DQA1*03:01','DQA1*03:01','294');
INSERT INTO "Luminex_SA_bead_detail" VALUES (374915,1307683,NULL,'DQA1*02:01','DQA1*02:01','334');
INSERT INTO "Luminex_SA_bead_detail" VALUES (374915,1307683,'DP28','DPA1*04:01','DPA1*04:01','350');
INSERT INTO "Luminex_SA_bead_detail" VALUES (374915,1307683,'DP28','DPA1*04:01,DPB1*28:01','DPA1*04:01,DPB1*28:01','350');
INSERT INTO "Luminex_SA_bead_detail" VALUES (374915,1307683,'DP28','DPA1*01:05,DPB1*28:01','DPA1*01:05,DPB1*28:01','469');
INSERT INTO "Luminex_SA_bead_detail" VALUES (374915,1307683,'DP28','DPB1*28:01','DPB1*28:01','469');
INSERT INTO "Luminex_SA_bead_detail" VALUES (374915,1307683,'DP28','DPA1*01:03,DPB1*28:01','DPA1*01:03,DPB1*28:01','286');
INSERT INTO "Luminex_SA_bead_detail" VALUES (374915,1307683,'DP28','NULL',NULL,'469');
INSERT INTO "Luminex_SA_bead_detail" VALUES (374915,1307683,'DP23','DPB1*23:01','DPB1*23:01','548');
INSERT INTO "Luminex_SA_bead_detail" VALUES (374915,1307683,'DP23','DPA1*01:03,DPB1*23:01','DPA1*01:03,DPB1*23:01','548');
INSERT INTO "Luminex_SA_bead_detail" VALUES (374915,1307683,'DP23','NULL',NULL,'548');
INSERT INTO "Luminex_SA_bead_detail" VALUES (374915,1307683,'DP20','DPB1*20:01','DPB1*20:01','224');
INSERT INTO "Luminex_SA_bead_detail" VALUES (374915,1307683,'DP20','DPA1*03:01,DPB1*20:01','DPA1*03:01,DPB1*20:01','224');
INSERT INTO "Luminex_SA_bead_detail" VALUES (374915,1307683,'DP19','NULL',NULL,'188');
INSERT INTO "Luminex_SA_bead_detail" VALUES (374915,1307683,'DP18','DPA1*01:04','DPA1*01:04','261');
INSERT INTO "Luminex_SA_bead_detail" VALUES (374915,1307683,'DP18','DPA1*01:04,DPB1*18:01','DPA1*01:04,DPB1*18:01','261');
INSERT INTO "Luminex_SA_bead_detail" VALUES (374915,1307683,'DP18','DPA1*01:05,DPB1*18:01','DPA1*01:05,DPB1*18:01','239');
INSERT INTO "Luminex_SA_bead_detail" VALUES (374915,1307683,'DP18','DPB1*18:01','DPB1*18:01','261');
INSERT INTO "Luminex_SA_bead_detail" VALUES (374915,1307683,'DP18','DPA1*02:01,DPB1*18:01','DPA1*02:01,DPB1*18:01','236');
INSERT INTO "Luminex_SA_bead_detail" VALUES (374915,1307683,'DP18','NULL',NULL,'261');
INSERT INTO "Luminex_SA_bead_detail" VALUES (374915,1307683,'DP17','DPB1*17:01','DPB1*17:01','170');
INSERT INTO "Luminex_SA_bead_detail" VALUES (374915,1307683,'DP17','DPA1*02:01,DPB1*17:01','DPA1*02:01,DPB1*17:01','170');
INSERT INTO "Luminex_SA_bead_detail" VALUES (374915,1307683,'DP17','NULL',NULL,'170');
INSERT INTO "Luminex_SA_bead_detail" VALUES (374915,1307683,'DP15','DPB1*15:01','DPB1*15:01','185');
INSERT INTO "Luminex_SA_bead_detail" VALUES (374915,1307683,'DP15','DPA1*02:01,DPB1*15:01','DPA1*02:01,DPB1*15:01','185');
INSERT INTO "Luminex_SA_bead_detail" VALUES (374915,1307683,'DP15','NULL',NULL,'185');
INSERT INTO "Luminex_SA_bead_detail" VALUES (374915,1307683,'DP14','DPB1*14:01','DPB1*14:01','156');
INSERT INTO "Luminex_SA_bead_detail" VALUES (374915,1307683,'DP14','DPA1*02:01,DPB1*14:01','DPA1*02:01,DPB1*14:01','156');
INSERT INTO "Luminex_SA_bead_detail" VALUES (374915,1307683,'DP14','NULL',NULL,'156');
INSERT INTO "Luminex_SA_bead_detail" VALUES (374915,1307683,'DP13','DPA1*03:01,DPB1*13:01','DPA1*03:01,DPB1*13:01','165');
INSERT INTO "Luminex_SA_bead_detail" VALUES (374915,1307683,'DP13','DPA1*02:02,DPB1*13:01','DPA1*02:02,DPB1*13:01','148');
INSERT INTO "Luminex_SA_bead_detail" VALUES (374915,1307683,'DP13','DPB1*13:01','DPB1*13:01','191');
INSERT INTO "Luminex_SA_bead_detail" VALUES (374915,1307683,'DP13','DPA1*02:01,DPB1*13:01','DPA1*02:01,DPB1*13:01','191');
INSERT INTO "Luminex_SA_bead_detail" VALUES (374915,1307683,'DP13','NULL',NULL,'191');
INSERT INTO "Luminex_SA_bead_detail" VALUES (374915,1307683,'DP11','DPA1*02:02,DPB1*11:01','DPA1*02:02,DPB1*11:01','1285');
INSERT INTO "Luminex_SA_bead_detail" VALUES (374915,1307683,'DP11','DPB1*11:01','DPB1*11:01','1285');
INSERT INTO "Luminex_SA_bead_detail" VALUES (374915,1307683,'DP11','DPA1*01:03,DPB1*11:01','DPA1*01:03,DPB1*11:01','278');
INSERT INTO "Luminex_SA_bead_detail" VALUES (374915,1307683,'DP11','NULL',NULL,'1285');
INSERT INTO "Luminex_SA_bead_detail" VALUES (374915,1307683,'DP10','DPB1*10:01','DPB1*10:01','232');
INSERT INTO "Luminex_SA_bead_detail" VALUES (374915,1307683,'DP10','DPA1*02:02,DPB1*10:01','DPA1*02:02,DPB1*10:01','232');
INSERT INTO "Luminex_SA_bead_detail" VALUES (374915,1307683,'DP10','NULL',NULL,'232');
INSERT INTO "Luminex_SA_bead_detail" VALUES (374915,1307683,'DP9','DPB1*09:01','DPB1*09:01','238');
INSERT INTO "Luminex_SA_bead_detail" VALUES (374915,1307683,'DP9','DPA1*02:01,DPB1*09:01','DPA1*02:01,DPB1*09:01','238');
INSERT INTO "Luminex_SA_bead_detail" VALUES (374915,1307683,'DP9','NULL',NULL,'238');
INSERT INTO "Luminex_SA_bead_detail" VALUES (374915,1307683,'DP6','DPA1*01:03,DPB1*06:01','DPA1*01:03,DPB1*06:01','382');
INSERT INTO "Luminex_SA_bead_detail" VALUES (374915,1307683,'DP6','DPB1*06:01','DPB1*06:01','382');
INSERT INTO "Luminex_SA_bead_detail" VALUES (374915,1307683,'DP6','DPA1*02:01,DPB1*06:01','DPA1*02:01,DPB1*06:01','224');
INSERT INTO "Luminex_SA_bead_detail" VALUES (374915,1307683,'DP6','NULL',NULL,'382');
INSERT INTO "Luminex_SA_bead_detail" VALUES (374915,1307683,'DP5','DPA1*02:01,DPB1*05:01','DPA1*02:01,DPB1*05:01','595');
INSERT INTO "Luminex_SA_bead_detail" VALUES (374915,1307683,'DP5','DPB1*05:01','DPB1*05:01','595');
INSERT INTO "Luminex_SA_bead_detail" VALUES (374915,1307683,'DP5','DPA1*02:02,DPB1*05:01','DPA1*02:02,DPB1*05:01','245');
INSERT INTO "Luminex_SA_bead_detail" VALUES (374915,1307683,'DP5','NULL',NULL,'595');
INSERT INTO "Luminex_SA_bead_detail" VALUES (374915,1307683,'DP4','DPB1*04:02','DPB1*04:02','399');
INSERT INTO "Luminex_SA_bead_detail" VALUES (374915,1307683,'DP4','DPA1*01:03,DPB1*04:02','DPA1*01:03,DPB1*04:02','399');
INSERT INTO "Luminex_SA_bead_detail" VALUES (374915,1307683,'DP4','DPB1*04:01','DPB1*04:01','430');
INSERT INTO "Luminex_SA_bead_detail" VALUES (374915,1307683,'DP4','DPA1*01:03,DPB1*04:01','DPA1*01:03,DPB1*04:01','430');
INSERT INTO "Luminex_SA_bead_detail" VALUES (374915,1307683,'DP4','NULL',NULL,'430');
INSERT INTO "Luminex_SA_bead_detail" VALUES (374915,1307683,'DP3','DPA1*02:01,DPB1*03:01','DPA1*02:01,DPB1*03:01','426');
INSERT INTO "Luminex_SA_bead_detail" VALUES (374915,1307683,'DP3','DPA1*01:05,DPB1*03:01','DPA1*01:05,DPB1*03:01','239');
INSERT INTO "Luminex_SA_bead_detail" VALUES (374915,1307683,'DP3','DPB1*03:01','DPB1*03:01','426');
INSERT INTO "Luminex_SA_bead_detail" VALUES (374915,1307683,'DP3','DPA1*01:03,DPB1*03:01','DPA1*01:03,DPB1*03:01','385');
INSERT INTO "Luminex_SA_bead_detail" VALUES (374915,1307683,'DP3','NULL',NULL,'426');
INSERT INTO "Luminex_SA_bead_detail" VALUES (374915,1307683,'DP2','DPB1*02:01','DPB1*02:01','266');
INSERT INTO "Luminex_SA_bead_detail" VALUES (374915,1307683,'DP2','DPA1*01:03,DPB1*02:01','DPA1*01:03,DPB1*02:01','266');
INSERT INTO "Luminex_SA_bead_detail" VALUES (374915,1307683,'DP2','NULL',NULL,'266');
INSERT INTO "Luminex_SA_bead_detail" VALUES (374915,1307683,'DP1','DPA1*02:01,DPB1*01:01','DPA1*02:01,DPB1*01:01','860');
INSERT INTO "Luminex_SA_bead_detail" VALUES (374915,1307683,'DP1','DPB1*01:01','DPB1*01:01','860');
INSERT INTO "Luminex_SA_bead_detail" VALUES (374915,1307683,'DP1','DPA1*01:03,DPB1*01:01','DPA1*01:03,DPB1*01:01','230');
INSERT INTO "Luminex_SA_bead_detail" VALUES (374915,1307683,'DP1','NULL',NULL,'860');
INSERT INTO "Luminex_SA_bead_detail" VALUES (374915,1307683,'DQ9','DQA1*03:02','DQA1*03:02','81');
INSERT INTO "Luminex_SA_bead_detail" VALUES (374915,1307683,'DQ9','DQA1*03:02,DQB1*03:03','DQA1*03:02,DQB1*03:03','81');
INSERT INTO "Luminex_SA_bead_detail" VALUES (374915,1307683,'DQ9','DQA1*03:01,DQB1*03:03','DQA1*03:01,DQB1*03:03','294');
INSERT INTO "Luminex_SA_bead_detail" VALUES (374915,1307683,'DQ9','DQB1*03:03','DQB1*03:03','334');
INSERT INTO "Luminex_SA_bead_detail" VALUES (374915,1307683,'DQ9','DQA1*02:01,DQB1*03:03','DQA1*02:01,DQB1*03:03','334');
INSERT INTO "Luminex_SA_bead_detail" VALUES (374915,1307683,'DQ9','NULL',NULL,'334');
INSERT INTO "Luminex_SA_bead_detail" VALUES (374915,1307683,'DQ8','DQA1*03:03,DQB1*03:02','DQA1*03:03,DQB1*03:02','285');
INSERT INTO "Luminex_SA_bead_detail" VALUES (374915,1307683,'DQ8','DQA1*03:01,DQB1*03:02','DQA1*03:01,DQB1*03:02','204');
INSERT INTO "Luminex_SA_bead_detail" VALUES (374915,1307683,'DQ8','DQB1*03:02','DQB1*03:02','285');
INSERT INTO "Luminex_SA_bead_detail" VALUES (374915,1307683,'DQ8','DQA1*02:01,DQB1*03:02','DQA1*02:01,DQB1*03:02','203');
INSERT INTO "Luminex_SA_bead_detail" VALUES (374915,1307683,'DQ8','NULL',NULL,'285');
INSERT INTO "Luminex_SA_bead_detail" VALUES (374915,1307683,'DQ7','DQA1*06:01','DQA1*06:01','21');
INSERT INTO "Luminex_SA_bead_detail" VALUES (374915,1307683,'DQ7','DQA1*06:01,DQB1*03:01','DQA1*06:01,DQB1*03:01','21');
INSERT INTO "Luminex_SA_bead_detail" VALUES (374915,1307683,'DQ7','DQB1*03:19','DQB1*03:19','93');
INSERT INTO "Luminex_SA_bead_detail" VALUES (374915,1307683,'DQ7','DQA1*05:05','DQA1*05:05','93');
INSERT INTO "Luminex_SA_bead_detail" VALUES (374915,1307683,'DQ7','DQA1*05:05,DQB1*03:19','DQA1*05:05,DQB1*03:19','93');
INSERT INTO "Luminex_SA_bead_detail" VALUES (374915,1307683,'DQ7','DQA1*05:03','DQA1*05:03','104');
INSERT INTO "Luminex_SA_bead_detail" VALUES (374915,1307683,'DQ7','DQA1*05:03,DQB1*03:01','DQA1*05:03,DQB1*03:01','104');
INSERT INTO "Luminex_SA_bead_detail" VALUES (374915,1307683,'DQ7','DQA1*02:01,DQB1*03:01','DQA1*02:01,DQB1*03:01','97');
INSERT INTO "Luminex_SA_bead_detail" VALUES (374915,1307683,'DQ7','DQB1*03:01','DQB1*03:01','157');
INSERT INTO "Luminex_SA_bead_detail" VALUES (374915,1307683,'DQ7','DQA1*03:01,DQB1*03:01','DQA1*03:01,DQB1*03:01','157');
INSERT INTO "Luminex_SA_bead_detail" VALUES (374915,1307683,'DQ7','NULL',NULL,'157');
INSERT INTO "Luminex_SA_bead_detail" VALUES (374915,1307683,'DQ6','DQB1*06:09','DQB1*06:09','83');
INSERT INTO "Luminex_SA_bead_detail" VALUES (374915,1307683,'DQ6','DQA1*01:02,DQB1*06:09','DQA1*01:02,DQB1*06:09','83');
INSERT INTO "Luminex_SA_bead_detail" VALUES (374915,1307683,'DQ6','DQB1*06:04','DQB1*06:04','177');
INSERT INTO "Luminex_SA_bead_detail" VALUES (374915,1307683,'DQ6','DQA1*01:02,DQB1*06:04','DQA1*01:02,DQB1*06:04','177');
INSERT INTO "Luminex_SA_bead_detail" VALUES (374915,1307683,'DQ6','DQB1*06:03','DQB1*06:03','100');
INSERT INTO "Luminex_SA_bead_detail" VALUES (374915,1307683,'DQ6','DQA1*01:03,DQB1*06:03','DQA1*01:03,DQB1*06:03','100');
INSERT INTO "Luminex_SA_bead_detail" VALUES (374915,1307683,'DQ6','DQA1*01:01,DQB1*06:02','DQA1*01:01,DQB1*06:02','3725');
INSERT INTO "Luminex_SA_bead_detail" VALUES (374915,1307683,'DQ6','DQB1*06:02','DQB1*06:02','3725');
INSERT INTO "Luminex_SA_bead_detail" VALUES (374915,1307683,'DQ6','DQA1*01:02,DQB1*06:02','DQA1*01:02,DQB1*06:02','588');
INSERT INTO "Luminex_SA_bead_detail" VALUES (374915,1307683,'DQ6','DQB1*06:01','DQB1*06:01','120');
INSERT INTO "Luminex_SA_bead_detail" VALUES (374915,1307683,'DQ6','DQA1*01:03','DQA1*01:03','120');
INSERT INTO "Luminex_SA_bead_detail" VALUES (374915,1307683,'DQ6','DQA1*01:03,DQB1*06:01','DQA1*01:03,DQB1*06:01','120');
INSERT INTO "Luminex_SA_bead_detail" VALUES (374915,1307683,'DQ6','NULL',NULL,'3725');
INSERT INTO "Luminex_SA_bead_detail" VALUES (374915,1307683,'DQ5','DQB1*05:02','DQB1*05:02','94');
INSERT INTO "Luminex_SA_bead_detail" VALUES (374915,1307683,'DQ5','DQA1*01:02,DQB1*05:02','DQA1*01:02,DQB1*05:02','94');
INSERT INTO "Luminex_SA_bead_detail" VALUES (374915,1307683,'DQ5','DQB1*05:01','DQB1*05:01','72');
INSERT INTO "Luminex_SA_bead_detail" VALUES (374915,1307683,'DQ5','DQA1*01:01,DQB1*05:01','DQA1*01:01,DQB1*05:01','72');
INSERT INTO "Luminex_SA_bead_detail" VALUES (374915,1307683,'DQ5','NULL',NULL,'94');
INSERT INTO "Luminex_SA_bead_detail" VALUES (374915,1307683,'DQ4','DQA1*04:01,DQB1*04:02','DQA1*04:01,DQB1*04:02','534');
INSERT INTO "Luminex_SA_bead_detail" VALUES (374915,1307683,'DQ4','DQB1*04:02','DQB1*04:02','534');
INSERT INTO "Luminex_SA_bead_detail" VALUES (374915,1307683,'DQ4','DQA1*02:01,DQB1*04:02','DQA1*02:01,DQB1*04:02','39');
INSERT INTO "Luminex_SA_bead_detail" VALUES (374915,1307683,'DQ4','DQA1*03:03,DQB1*04:01','DQA1*03:03,DQB1*04:01','1969');
INSERT INTO "Luminex_SA_bead_detail" VALUES (374915,1307683,'DQ4','DQB1*04:01','DQB1*04:01','1969');
INSERT INTO "Luminex_SA_bead_detail" VALUES (374915,1307683,'DQ4','DQA1*02:01,DQB1*04:01','DQA1*02:01,DQB1*04:01','127');
INSERT INTO "Luminex_SA_bead_detail" VALUES (374915,1307683,'DQ4','NULL',NULL,'1969');
INSERT INTO "Luminex_SA_bead_detail" VALUES (374915,1307683,'DQ2','DQB1*02:02','DQB1*02:02','124');
INSERT INTO "Luminex_SA_bead_detail" VALUES (374915,1307683,'DQ2','DQA1*02:01,DQB1*02:02','DQA1*02:01,DQB1*02:02','124');
INSERT INTO "Luminex_SA_bead_detail" VALUES (374915,1307683,'DQ2','DQA1*05:01','DQA1*05:01','64');
INSERT INTO "Luminex_SA_bead_detail" VALUES (374915,1307683,'DQ2','DQA1*05:01,DQB1*02:01','DQA1*05:01,DQB1*02:01','64');
INSERT INTO "Luminex_SA_bead_detail" VALUES (374915,1307683,'DQ2','DQA1*04:01,DQB1*02:01','DQA1*04:01,DQB1*02:01','156');
INSERT INTO "Luminex_SA_bead_detail" VALUES (374915,1307683,'DQ2','DQA1*03:01,DQB1*02:01','DQA1*03:01,DQB1*02:01','143');
INSERT INTO "Luminex_SA_bead_detail" VALUES (374915,1307683,'DQ2','DQB1*02:01','DQB1*02:01','156');
INSERT INTO "Luminex_SA_bead_detail" VALUES (374915,1307683,'DQ2','DQA1*02:01,DQB1*02:01','DQA1*02:01,DQB1*02:01','141');
INSERT INTO "Luminex_SA_bead_detail" VALUES (374915,1307683,'DQ2','NULL',NULL,'156');
INSERT INTO "Luminex_SA_bead_detail" VALUES (374915,1307683,'DR53','DRB4*01:03','DRB4*01:03','191');
INSERT INTO "Luminex_SA_bead_detail" VALUES (374915,1307683,'DR53','DRB4*01:01','DRB4*01:01','134');
INSERT INTO "Luminex_SA_bead_detail" VALUES (374915,1307683,'DR53','NULL',NULL,'191');
INSERT INTO "Luminex_SA_bead_detail" VALUES (374915,1307683,'DR52','DRB3*03:01','DRB3*03:01','262');
INSERT INTO "Luminex_SA_bead_detail" VALUES (374915,1307683,'DR52','DRB3*02:02','DRB3*02:02','410');
INSERT INTO "Luminex_SA_bead_detail" VALUES (374915,1307683,'DR52','DRB3*01:01','DRB3*01:01','614');
INSERT INTO "Luminex_SA_bead_detail" VALUES (374915,1307683,'DR52','NULL',NULL,'614');
INSERT INTO "Luminex_SA_bead_detail" VALUES (374915,1307683,'DR51','DRB5*02:02','DRB5*02:02','346');
INSERT INTO "Luminex_SA_bead_detail" VALUES (374915,1307683,'DR51','DRB5*01:01','DRB5*01:01','341');
INSERT INTO "Luminex_SA_bead_detail" VALUES (374915,1307683,'DR51','NULL',NULL,'346');
INSERT INTO "Luminex_SA_bead_detail" VALUES (374915,1307683,'DR18','DRB1*03:02','DRB1*03:02','191');
INSERT INTO "Luminex_SA_bead_detail" VALUES (374915,1307683,'DR18','NULL',NULL,'191');
INSERT INTO "Luminex_SA_bead_detail" VALUES (374915,1307683,'DR17','DRB1*03:01','DRB1*03:01','460');
INSERT INTO "Luminex_SA_bead_detail" VALUES (374915,1307683,'DR17','NULL',NULL,'460');
INSERT INTO "Luminex_SA_bead_detail" VALUES (374915,1307683,'DR16','DRB1*16:02','DRB1*16:02','345');
INSERT INTO "Luminex_SA_bead_detail" VALUES (374915,1307683,'DR16','DRB1*16:01','DRB1*16:01','435');
INSERT INTO "Luminex_SA_bead_detail" VALUES (374915,1307683,'DR16','NULL',NULL,'435');
INSERT INTO "Luminex_SA_bead_detail" VALUES (374915,1307683,'DR15','DRB1*15:03','DRB1*15:03','169');
INSERT INTO "Luminex_SA_bead_detail" VALUES (374915,1307683,'DR15','DRB1*15:02','DRB1*15:02','226');
INSERT INTO "Luminex_SA_bead_detail" VALUES (374915,1307683,'DR15','DRB1*15:01','DRB1*15:01','216');
INSERT INTO "Luminex_SA_bead_detail" VALUES (374915,1307683,'DR15','NULL',NULL,'226');
INSERT INTO "Luminex_SA_bead_detail" VALUES (374915,1307683,'DR14','DRB1*14:54','DRB1*14:54','842');
INSERT INTO "Luminex_SA_bead_detail" VALUES (374915,1307683,'DR14','DRB1*14:02','DRB1*14:02','163');
INSERT INTO "Luminex_SA_bead_detail" VALUES (374915,1307683,'DR14','DRB1*14:01','DRB1*14:01','1567');
INSERT INTO "Luminex_SA_bead_detail" VALUES (374915,1307683,'DR14','NULL',NULL,'1567');
INSERT INTO "Luminex_SA_bead_detail" VALUES (374915,1307683,'DR13','DRB1*13:03','DRB1*13:03','154');
INSERT INTO "Luminex_SA_bead_detail" VALUES (374915,1307683,'DR13','DRB1*13:01','DRB1*13:01','232');
INSERT INTO "Luminex_SA_bead_detail" VALUES (374915,1307683,'DR13','NULL',NULL,'232');
INSERT INTO "Luminex_SA_bead_detail" VALUES (374915,1307683,'DR12','DRB1*12:02','DRB1*12:02','1781');
INSERT INTO "Luminex_SA_bead_detail" VALUES (374915,1307683,'DR12','DRB1*12:01','DRB1*12:01','698');
INSERT INTO "Luminex_SA_bead_detail" VALUES (374915,1307683,'DR12','NULL',NULL,'1781');
INSERT INTO "Luminex_SA_bead_detail" VALUES (374915,1307683,'DR11','DRB1*11:04','DRB1*11:04','204');
INSERT INTO "Luminex_SA_bead_detail" VALUES (374915,1307683,'DR11','DRB1*11:01','DRB1*11:01','356');
INSERT INTO "Luminex_SA_bead_detail" VALUES (374915,1307683,'DR11','NULL',NULL,'356');
INSERT INTO "Luminex_SA_bead_detail" VALUES (374915,1307683,'DR10','DRB1*10:01','DRB1*10:01','340');
INSERT INTO "Luminex_SA_bead_detail" VALUES (374915,1307683,'DR10','NULL',NULL,'340');
INSERT INTO "Luminex_SA_bead_detail" VALUES (374915,1307683,'DR9','DRB1*09:02','DRB1*09:02','536');
INSERT INTO "Luminex_SA_bead_detail" VALUES (374915,1307683,'DR9','DRB1*09:01','DRB1*09:01','280');
INSERT INTO "Luminex_SA_bead_detail" VALUES (374915,1307683,'DR9','NULL',NULL,'536');
INSERT INTO "Luminex_SA_bead_detail" VALUES (374915,1307683,'DR8','DRB1*08:01','DRB1*08:01','358');
INSERT INTO "Luminex_SA_bead_detail" VALUES (374915,1307683,'DR8','NULL',NULL,'358');
INSERT INTO "Luminex_SA_bead_detail" VALUES (374915,1307683,'DR7','DRB1*07:01','DRB1*07:01','102');
INSERT INTO "Luminex_SA_bead_detail" VALUES (374915,1307683,'DR7','NULL',NULL,'102');
INSERT INTO "Luminex_SA_bead_detail" VALUES (374915,1307683,'DR4','DRB1*04:03','DRB1*04:03','200');
INSERT INTO "Luminex_SA_bead_detail" VALUES (374915,1307683,'DR4','DRB1*04:05','DRB1*04:05','330');
INSERT INTO "Luminex_SA_bead_detail" VALUES (374915,1307683,'DR4','DRB1*04:04','DRB1*04:04','216');
INSERT INTO "Luminex_SA_bead_detail" VALUES (374915,1307683,'DR4','DRB1*04:02','DRB1*04:02','164');
INSERT INTO "Luminex_SA_bead_detail" VALUES (374915,1307683,'DR4','DRB1*04:01','DRB1*04:01','298');
INSERT INTO "Luminex_SA_bead_detail" VALUES (374915,1307683,'DR4','NULL',NULL,'330');
INSERT INTO "Luminex_SA_bead_detail" VALUES (374915,1307683,'DR103','DRB1*01:03','DRB1*01:03','342');
INSERT INTO "Luminex_SA_bead_detail" VALUES (374915,1307683,'DR103','NULL',NULL,'342');
INSERT INTO "Luminex_SA_bead_detail" VALUES (374915,1307683,'DR1','DRB1*01:02','DRB1*01:02','149');
INSERT INTO "Luminex_SA_bead_detail" VALUES (374915,1307683,'DR1','DRB1*01:01','DRB1*01:01','357');
INSERT INTO "Luminex_SA_bead_detail" VALUES (374915,1307683,'DR1','NULL',NULL,'357');
INSERT INTO "Luminex_SA_bead_detail" VALUES (374915,1307683,'DP20','NULL',NULL,'224');
INSERT INTO "Luminex_SA_bead_detail" VALUES (374915,1307683,'DP19','DPB1*19:01','DPB1*19:01','188');
INSERT INTO "Luminex_SA_bead_detail" VALUES (374915,1307683,'DP19','DPA1*01:03,DPB1*19:01','DPA1*01:03,DPB1*19:01','188');
INSERT INTO "Luminex_SA_bead_detail" VALUES (518049,1307684,NULL,'NULL',NULL,NULL);
INSERT INTO "Luminex_SA_bead_detail" VALUES (518049,1307684,'Cw18','C*18:01','C*18:01','31');
INSERT INTO "Luminex_SA_bead_detail" VALUES (518049,1307684,'Cw18','C*18:02','C*18:02','0');
INSERT INTO "Luminex_SA_bead_detail" VALUES (518049,1307684,'Cw18','NULL',NULL,'31');
INSERT INTO "Luminex_SA_bead_detail" VALUES (518049,1307684,'Cw17','C*17:03','C*17:03','187');
INSERT INTO "Luminex_SA_bead_detail" VALUES (518049,1307684,'Cw17','C*17:01','C*17:01','85');
INSERT INTO "Luminex_SA_bead_detail" VALUES (518049,1307684,'Cw17','NULL',NULL,'187');
INSERT INTO "Luminex_SA_bead_detail" VALUES (518049,1307684,'Cw16','C*16:02','C*16:02','118');
INSERT INTO "Luminex_SA_bead_detail" VALUES (518049,1307684,'Cw16','C*16:01','C*16:01','149');
INSERT INTO "Luminex_SA_bead_detail" VALUES (518049,1307684,'Cw16','NULL',NULL,'149');
INSERT INTO "Luminex_SA_bead_detail" VALUES (518049,1307684,'Cw15','C*15:05','C*15:05','79');
INSERT INTO "Luminex_SA_bead_detail" VALUES (518049,1307684,'Cw15','C*15:02','C*15:02','121');
INSERT INTO "Luminex_SA_bead_detail" VALUES (518049,1307684,'Cw15','NULL',NULL,'121');
INSERT INTO "Luminex_SA_bead_detail" VALUES (518049,1307684,'Cw14','C*14:03','C*14:03','127');
INSERT INTO "Luminex_SA_bead_detail" VALUES (518049,1307684,'Cw14','C*14:02','C*14:02','88');
INSERT INTO "Luminex_SA_bead_detail" VALUES (518049,1307684,'Cw14','NULL',NULL,'127');
INSERT INTO "Luminex_SA_bead_detail" VALUES (518049,1307684,'Cw12','C*12:02','C*12:02','130');
INSERT INTO "Luminex_SA_bead_detail" VALUES (518049,1307684,'Cw12','C*12:03','C*12:03','129');
INSERT INTO "Luminex_SA_bead_detail" VALUES (518049,1307684,'Cw12','NULL',NULL,'130');
INSERT INTO "Luminex_SA_bead_detail" VALUES (518049,1307684,'Cw10','C*03:04','C*03:04','76');
INSERT INTO "Luminex_SA_bead_detail" VALUES (518049,1307684,'Cw10','C*03:02','C*03:02','78');
INSERT INTO "Luminex_SA_bead_detail" VALUES (518049,1307684,'Cw10','NULL',NULL,'78');
INSERT INTO "Luminex_SA_bead_detail" VALUES (518049,1307684,'Cw9','C*03:03','C*03:03','70');
INSERT INTO "Luminex_SA_bead_detail" VALUES (518049,1307684,'Cw9','NULL',NULL,'70');
INSERT INTO "Luminex_SA_bead_detail" VALUES (518049,1307684,'Cw8','C*08:03','C*08:03','479');
INSERT INTO "Luminex_SA_bead_detail" VALUES (518049,1307684,'Cw8','C*08:02','C*08:02','88');
INSERT INTO "Luminex_SA_bead_detail" VALUES (518049,1307684,'Cw8','C*08:04','C*08:04','277');
INSERT INTO "Luminex_SA_bead_detail" VALUES (518049,1307684,'Cw8','C*08:01','C*08:01','84');
INSERT INTO "Luminex_SA_bead_detail" VALUES (518049,1307684,'Cw8','NULL',NULL,'479');
INSERT INTO "Luminex_SA_bead_detail" VALUES (518049,1307684,'Cw7','C*07:04','C*07:04','126');
INSERT INTO "Luminex_SA_bead_detail" VALUES (518049,1307684,'Cw7','C*07:01','C*07:01','93');
INSERT INTO "Luminex_SA_bead_detail" VALUES (518049,1307684,'Cw7','C*07:02','C*07:02','52');
INSERT INTO "Luminex_SA_bead_detail" VALUES (518049,1307684,'Cw7','NULL',NULL,'126');
INSERT INTO "Luminex_SA_bead_detail" VALUES (518049,1307684,'Cw6','C*06:02','C*06:02','24');
INSERT INTO "Luminex_SA_bead_detail" VALUES (518049,1307684,'Cw6','NULL',NULL,'24');
INSERT INTO "Luminex_SA_bead_detail" VALUES (518049,1307684,'Cw5','C*05:01','C*05:01','90');
INSERT INTO "Luminex_SA_bead_detail" VALUES (518049,1307684,'Cw5','NULL',NULL,'90');
INSERT INTO "Luminex_SA_bead_detail" VALUES (518049,1307684,'Cw4','C*04:03','C*04:03','61');
INSERT INTO "Luminex_SA_bead_detail" VALUES (518049,1307684,'Cw4','C*04:01','C*04:01','127');
INSERT INTO "Luminex_SA_bead_detail" VALUES (518049,1307684,'Cw4','NULL',NULL,'127');
INSERT INTO "Luminex_SA_bead_detail" VALUES (518049,1307684,'Cw2','C*02:10','C*02:10','40');
INSERT INTO "Luminex_SA_bead_detail" VALUES (518049,1307684,'Cw2','C*02:02','C*02:02','42');
INSERT INTO "Luminex_SA_bead_detail" VALUES (518049,1307684,'Cw2','NULL',NULL,'42');
INSERT INTO "Luminex_SA_bead_detail" VALUES (518049,1307684,'Cw1','C*01:03','C*01:03','65');
INSERT INTO "Luminex_SA_bead_detail" VALUES (518049,1307684,'Cw1','C*01:02','C*01:02','0');
INSERT INTO "Luminex_SA_bead_detail" VALUES (518049,1307684,'Cw1','NULL',NULL,'65');
INSERT INTO "Luminex_SA_bead_detail" VALUES (518049,1307684,'Bw6','B*56:03','B*56:03','0');
INSERT INTO "Luminex_SA_bead_detail" VALUES (518049,1307684,'Bw6','B*55:04','B*55:04','119');
INSERT INTO "Luminex_SA_bead_detail" VALUES (518049,1307684,'Bw6','B*55:02','B*55:02','44');
INSERT INTO "Luminex_SA_bead_detail" VALUES (518049,1307684,'Bw6','B*50:02','B*50:02','116');
INSERT INTO "Luminex_SA_bead_detail" VALUES (518049,1307684,'Bw6','B*48:02','B*48:02','0');
INSERT INTO "Luminex_SA_bead_detail" VALUES (518049,1307684,'Bw6','B*42:02','B*42:02','49');
INSERT INTO "Luminex_SA_bead_detail" VALUES (518049,1307684,'Bw6','B*41:02','B*41:02','56');
INSERT INTO "Luminex_SA_bead_detail" VALUES (518049,1307684,'Bw6','B*40:05','B*40:05','0');
INSERT INTO "Luminex_SA_bead_detail" VALUES (518049,1307684,'Bw6','B*40:04','B*40:04','57');
INSERT INTO "Luminex_SA_bead_detail" VALUES (518049,1307684,'Bw6','B*40:03','B*40:03','37');
INSERT INTO "Luminex_SA_bead_detail" VALUES (518049,1307684,'Bw6','B*39:13','B*39:13','31');
INSERT INTO "Luminex_SA_bead_detail" VALUES (518049,1307684,'Bw6','B*39:06','B*39:06','46');
INSERT INTO "Luminex_SA_bead_detail" VALUES (518049,1307684,'Bw6','B*39:05','B*39:05','48');
INSERT INTO "Luminex_SA_bead_detail" VALUES (518049,1307684,'Bw6','B*39:04','B*39:04','48');
INSERT INTO "Luminex_SA_bead_detail" VALUES (518049,1307684,'Bw6','B*39:02','B*39:02','93');
INSERT INTO "Luminex_SA_bead_detail" VALUES (518049,1307684,'Bw6','B*35:12','B*35:12','0');
INSERT INTO "Luminex_SA_bead_detail" VALUES (518049,1307684,'Bw6','B*35:08','B*35:08','1');
INSERT INTO "Luminex_SA_bead_detail" VALUES (518049,1307684,'Bw6','B*35:03','B*35:03','0');
INSERT INTO "Luminex_SA_bead_detail" VALUES (518049,1307684,'Bw6','B*35:02','B*35:02','0');
INSERT INTO "Luminex_SA_bead_detail" VALUES (518049,1307684,'Bw6','B*15:27','B*15:27','0');
INSERT INTO "Luminex_SA_bead_detail" VALUES (518049,1307684,'Bw6','B*15:21','B*15:21','0');
INSERT INTO "Luminex_SA_bead_detail" VALUES (518049,1307684,'Bw6','B*15:20','B*15:20','1');
INSERT INTO "Luminex_SA_bead_detail" VALUES (518049,1307684,'Bw6','B*15:18','B*15:18','0');
INSERT INTO "Luminex_SA_bead_detail" VALUES (518049,1307684,'Bw6','B*15:07','B*15:07','0');
INSERT INTO "Luminex_SA_bead_detail" VALUES (518049,1307684,'Bw6','B*15:06','B*15:06','0');
INSERT INTO "Luminex_SA_bead_detail" VALUES (518049,1307684,'Bw6','B*15:04','B*15:04','4');
INSERT INTO "Luminex_SA_bead_detail" VALUES (518049,1307684,'Bw6','B*07:14','B*07:14','56');
INSERT INTO "Luminex_SA_bead_detail" VALUES (518049,1307684,'Bw6','B*40:06','B*40:06','107');
INSERT INTO "Luminex_SA_bead_detail" VALUES (518049,1307684,'Bw6','B*15:11','B*15:11','72');
INSERT INTO "Luminex_SA_bead_detail" VALUES (518049,1307684,'Bw6','B*82:01','B*82:01','100');
INSERT INTO "Luminex_SA_bead_detail" VALUES (518049,1307684,'Bw6','B*81:01','B*81:01','30');
INSERT INTO "Luminex_SA_bead_detail" VALUES (518049,1307684,'Bw6','B*78:01','B*78:01','0');
INSERT INTO "Luminex_SA_bead_detail" VALUES (518049,1307684,'Bw6','B*73:01','B*73:01','282');
INSERT INTO "Luminex_SA_bead_detail" VALUES (518049,1307684,'Bw6','B*67:01','B*67:01','89');
INSERT INTO "Luminex_SA_bead_detail" VALUES (518049,1307684,'Bw6','B*56:01','B*56:01','0');
INSERT INTO "Luminex_SA_bead_detail" VALUES (518049,1307684,'Bw6','B*55:01','B*55:01','34');
INSERT INTO "Luminex_SA_bead_detail" VALUES (518049,1307684,'Bw6','B*54:01','B*54:01','59');
INSERT INTO "Luminex_SA_bead_detail" VALUES (518049,1307684,'Bw6','B*50:01','B*50:01','0');
INSERT INTO "Luminex_SA_bead_detail" VALUES (518049,1307684,'Bw6','B*46:01','B*46:01','74');
INSERT INTO "Luminex_SA_bead_detail" VALUES (518049,1307684,'Bw6','B*48:01','B*48:01','6');
INSERT INTO "Luminex_SA_bead_detail" VALUES (518049,1307684,'Bw6','B*45:01','B*45:01','138');
INSERT INTO "Luminex_SA_bead_detail" VALUES (518049,1307684,'Bw6','B*42:01','B*42:01','24');
INSERT INTO "Luminex_SA_bead_detail" VALUES (518049,1307684,'Bw6','B*41:01','B*41:01','22');
INSERT INTO "Luminex_SA_bead_detail" VALUES (518049,1307684,'Bw6','B*40:02','B*40:02','28');
INSERT INTO "Luminex_SA_bead_detail" VALUES (518049,1307684,'Bw6','B*40:01','B*40:01','0');
INSERT INTO "Luminex_SA_bead_detail" VALUES (518049,1307684,'Bw6','B*39:01','B*39:01','39');
INSERT INTO "Luminex_SA_bead_detail" VALUES (518049,1307684,'Bw6','B*35:01','B*35:01','0');
INSERT INTO "Luminex_SA_bead_detail" VALUES (518049,1307684,'Bw6','B*27:08','B*27:08','27');
INSERT INTO "Luminex_SA_bead_detail" VALUES (518049,1307684,'Bw6','B*18:01','B*18:01','0');
INSERT INTO "Luminex_SA_bead_detail" VALUES (518049,1307684,'Bw6','B*15:12','B*15:12','476');
INSERT INTO "Luminex_SA_bead_detail" VALUES (518049,1307684,'Bw6','B*15:10','B*15:10','0');
INSERT INTO "Luminex_SA_bead_detail" VALUES (518049,1307684,'Bw6','B*15:03','B*15:03','0');
INSERT INTO "Luminex_SA_bead_detail" VALUES (518049,1307684,'Bw6','B*15:02','B*15:02','0');
INSERT INTO "Luminex_SA_bead_detail" VALUES (518049,1307684,'Bw6','B*15:01','B*15:01','0');
INSERT INTO "Luminex_SA_bead_detail" VALUES (518049,1307684,'Bw6','B*14:02','B*14:02','27');
INSERT INTO "Luminex_SA_bead_detail" VALUES (518049,1307684,'Bw6','B*14:01','B*14:01','40');
INSERT INTO "Luminex_SA_bead_detail" VALUES (518049,1307684,'Bw6','B*08:01','B*08:01','39');
INSERT INTO "Luminex_SA_bead_detail" VALUES (518049,1307684,'Bw6','B*07:02','B*07:02','127');
INSERT INTO "Luminex_SA_bead_detail" VALUES (518049,1307684,'Bw6','NULL',NULL,'476');
INSERT INTO "Luminex_SA_bead_detail" VALUES (518049,1307684,'Bw4','B*38:02','B*38:02','3');
INSERT INTO "Luminex_SA_bead_detail" VALUES (518049,1307684,'Bw4','B*27:06','B*27:06','3');
INSERT INTO "Luminex_SA_bead_detail" VALUES (518049,1307684,'Bw4','B*27:04','B*27:04','0');
INSERT INTO "Luminex_SA_bead_detail" VALUES (518049,1307684,'Bw4','B*15:24','B*15:24','0');
INSERT INTO "Luminex_SA_bead_detail" VALUES (518049,1307684,'Bw4','B*15:17','B*15:17','0');
INSERT INTO "Luminex_SA_bead_detail" VALUES (518049,1307684,'Bw4','B*13:01','B*13:01','814');
INSERT INTO "Luminex_SA_bead_detail" VALUES (518049,1307684,'Bw4','B*59:01','B*59:01','0');
INSERT INTO "Luminex_SA_bead_detail" VALUES (518049,1307684,'Bw4','B*58:01','B*58:01','220');
INSERT INTO "Luminex_SA_bead_detail" VALUES (518049,1307684,'Bw4','B*57:03','B*57:03','569');
INSERT INTO "Luminex_SA_bead_detail" VALUES (518049,1307684,'Bw4','B*57:01','B*57:01','2363');
INSERT INTO "Luminex_SA_bead_detail" VALUES (518049,1307684,'Bw4','B*53:01','B*53:01','0');
INSERT INTO "Luminex_SA_bead_detail" VALUES (518049,1307684,'Bw4','B*52:01','B*52:01','0');
INSERT INTO "Luminex_SA_bead_detail" VALUES (518049,1307684,'Bw4','B*51:02','B*51:02','0');
INSERT INTO "Luminex_SA_bead_detail" VALUES (518049,1307684,'Bw4','B*51:01','B*51:01','0');
INSERT INTO "Luminex_SA_bead_detail" VALUES (518049,1307684,'Bw4','B*47:01','B*47:01','43');
INSERT INTO "Luminex_SA_bead_detail" VALUES (518049,1307684,'Bw4','B*49:01','B*49:01','0');
INSERT INTO "Luminex_SA_bead_detail" VALUES (518049,1307684,'Bw4','B*44:03','B*44:03','60');
INSERT INTO "Luminex_SA_bead_detail" VALUES (518049,1307684,'Bw4','B*44:02','B*44:02','121');
INSERT INTO "Luminex_SA_bead_detail" VALUES (518049,1307684,'Bw4','B*38:01','B*38:01','0');
INSERT INTO "Luminex_SA_bead_detail" VALUES (518049,1307684,'Bw4','B*37:01','B*37:01','0');
INSERT INTO "Luminex_SA_bead_detail" VALUES (518049,1307684,'Bw4','B*15:16','B*15:16','0');
INSERT INTO "Luminex_SA_bead_detail" VALUES (518049,1307684,'Bw4','B*15:13','B*15:13','0');
INSERT INTO "Luminex_SA_bead_detail" VALUES (518049,1307684,'Bw4','B*13:02','B*13:02','966');
INSERT INTO "Luminex_SA_bead_detail" VALUES (518049,1307684,'Bw4','B*27:05','B*27:05','0');
INSERT INTO "Luminex_SA_bead_detail" VALUES (518049,1307684,'Bw4','NULL',NULL,'2363');
INSERT INTO "Luminex_SA_bead_detail" VALUES (518049,1307684,'B82','B*82:01','B*82:01','100');
INSERT INTO "Luminex_SA_bead_detail" VALUES (518049,1307684,'B82','NULL',NULL,'100');
INSERT INTO "Luminex_SA_bead_detail" VALUES (518049,1307684,'B81','B*81:01','B*81:01','30');
INSERT INTO "Luminex_SA_bead_detail" VALUES (518049,1307684,'B81','NULL',NULL,'30');
INSERT INTO "Luminex_SA_bead_detail" VALUES (518049,1307684,'B78','B*78:01','B*78:01','0');
INSERT INTO "Luminex_SA_bead_detail" VALUES (518049,1307684,'B78','NULL',NULL,'0');
INSERT INTO "Luminex_SA_bead_detail" VALUES (518049,1307684,'B77','B*15:13','B*15:13','0');
INSERT INTO "Luminex_SA_bead_detail" VALUES (518049,1307684,'B77','NULL',NULL,'0');
INSERT INTO "Luminex_SA_bead_detail" VALUES (518049,1307684,'B76','B*15:12','B*15:12','476');
INSERT INTO "Luminex_SA_bead_detail" VALUES (518049,1307684,'B76','NULL',NULL,'476');
INSERT INTO "Luminex_SA_bead_detail" VALUES (518049,1307684,'B75','B*15:21','B*15:21','0');
INSERT INTO "Luminex_SA_bead_detail" VALUES (518049,1307684,'B75','B*15:11','B*15:11','72');
INSERT INTO "Luminex_SA_bead_detail" VALUES (518049,1307684,'B75','B*15:02','B*15:02','0');
INSERT INTO "Luminex_SA_bead_detail" VALUES (518049,1307684,'B75','NULL',NULL,'72');
INSERT INTO "Luminex_SA_bead_detail" VALUES (518049,1307684,'B73','B*73:01','B*73:01','282');
INSERT INTO "Luminex_SA_bead_detail" VALUES (518049,1307684,'B73','NULL',NULL,'282');
INSERT INTO "Luminex_SA_bead_detail" VALUES (518049,1307684,'B72','B*15:03','B*15:03','0');
INSERT INTO "Luminex_SA_bead_detail" VALUES (518049,1307684,'B72','NULL',NULL,'0');
INSERT INTO "Luminex_SA_bead_detail" VALUES (518049,1307684,'B71','B*15:18','B*15:18','0');
INSERT INTO "Luminex_SA_bead_detail" VALUES (518049,1307684,'B71','B*15:10','B*15:10','0');
INSERT INTO "Luminex_SA_bead_detail" VALUES (518049,1307684,'B71','NULL',NULL,NULL);
INSERT INTO "Luminex_SA_bead_detail" VALUES (518049,1307684,'B67','B*67:01','B*67:01','89');
INSERT INTO "Luminex_SA_bead_detail" VALUES (518049,1307684,'B67','NULL',NULL,'89');
INSERT INTO "Luminex_SA_bead_detail" VALUES (518049,1307684,'B65','B*14:02','B*14:02','27');
INSERT INTO "Luminex_SA_bead_detail" VALUES (518049,1307684,'B65','NULL',NULL,'27');
INSERT INTO "Luminex_SA_bead_detail" VALUES (518049,1307684,'B64','B*14:01','B*14:01','40');
INSERT INTO "Luminex_SA_bead_detail" VALUES (518049,1307684,'B64','NULL',NULL,'40');
INSERT INTO "Luminex_SA_bead_detail" VALUES (518049,1307684,'B63','B*15:17','B*15:17','0');
INSERT INTO "Luminex_SA_bead_detail" VALUES (518049,1307684,'B63','B*15:16','B*15:16','0');
INSERT INTO "Luminex_SA_bead_detail" VALUES (518049,1307684,'B63','NULL',NULL,NULL);
INSERT INTO "Luminex_SA_bead_detail" VALUES (518049,1307684,'B62','B*15:27','B*15:27','0');
INSERT INTO "Luminex_SA_bead_detail" VALUES (518049,1307684,'B62','B*15:24','B*15:24','0');
INSERT INTO "Luminex_SA_bead_detail" VALUES (518049,1307684,'B62','B*15:20','B*15:20','1');
INSERT INTO "Luminex_SA_bead_detail" VALUES (518049,1307684,'B62','B*15:07','B*15:07','0');
INSERT INTO "Luminex_SA_bead_detail" VALUES (518049,1307684,'B62','B*15:06','B*15:06','0');
INSERT INTO "Luminex_SA_bead_detail" VALUES (518049,1307684,'B62','B*15:04','B*15:04','4');
INSERT INTO "Luminex_SA_bead_detail" VALUES (518049,1307684,'B62','B*15:01','B*15:01','0');
INSERT INTO "Luminex_SA_bead_detail" VALUES (518049,1307684,'B62','NULL',NULL,'4');
INSERT INTO "Luminex_SA_bead_detail" VALUES (518049,1307684,'B61','B*40:04','B*40:04','57');
INSERT INTO "Luminex_SA_bead_detail" VALUES (518049,1307684,'B61','B*40:03','B*40:03','37');
INSERT INTO "Luminex_SA_bead_detail" VALUES (518049,1307684,'B61','B*40:06','B*40:06','107');
INSERT INTO "Luminex_SA_bead_detail" VALUES (518049,1307684,'B61','B*40:02','B*40:02','28');
INSERT INTO "Luminex_SA_bead_detail" VALUES (518049,1307684,'B61','NULL',NULL,'107');
INSERT INTO "Luminex_SA_bead_detail" VALUES (518049,1307684,'B60','B*40:01','B*40:01','0');
INSERT INTO "Luminex_SA_bead_detail" VALUES (518049,1307684,'B60','NULL',NULL,'0');
INSERT INTO "Luminex_SA_bead_detail" VALUES (518049,1307684,'B59','B*59:01','B*59:01','0');
INSERT INTO "Luminex_SA_bead_detail" VALUES (518049,1307684,'B59','NULL',NULL,'0');
INSERT INTO "Luminex_SA_bead_detail" VALUES (518049,1307684,'B58','B*58:01','B*58:01','220');
INSERT INTO "Luminex_SA_bead_detail" VALUES (518049,1307684,'B58','NULL',NULL,'220');
INSERT INTO "Luminex_SA_bead_detail" VALUES (518049,1307684,'B57','B*57:03','B*57:03','569');
INSERT INTO "Luminex_SA_bead_detail" VALUES (518049,1307684,'B57','B*57:01','B*57:01','2363');
INSERT INTO "Luminex_SA_bead_detail" VALUES (518049,1307684,'B57','NULL',NULL,'2363');
INSERT INTO "Luminex_SA_bead_detail" VALUES (518049,1307684,'B56','B*56:03','B*56:03','0');
INSERT INTO "Luminex_SA_bead_detail" VALUES (518049,1307684,'B56','B*56:01','B*56:01','0');
INSERT INTO "Luminex_SA_bead_detail" VALUES (518049,1307684,'B56','NULL',NULL,NULL);
INSERT INTO "Luminex_SA_bead_detail" VALUES (518049,1307684,'B55','B*55:04','B*55:04','119');
INSERT INTO "Luminex_SA_bead_detail" VALUES (518049,1307684,'B55','B*55:02','B*55:02','44');
INSERT INTO "Luminex_SA_bead_detail" VALUES (518049,1307684,'B55','B*55:01','B*55:01','34');
INSERT INTO "Luminex_SA_bead_detail" VALUES (518049,1307684,'B55','NULL',NULL,'119');
INSERT INTO "Luminex_SA_bead_detail" VALUES (518049,1307684,'B54','B*54:01','B*54:01','59');
INSERT INTO "Luminex_SA_bead_detail" VALUES (518049,1307684,'B54','NULL',NULL,'59');
INSERT INTO "Luminex_SA_bead_detail" VALUES (518049,1307684,'B53','B*53:01','B*53:01','0');
INSERT INTO "Luminex_SA_bead_detail" VALUES (518049,1307684,'B53','NULL',NULL,'0');
INSERT INTO "Luminex_SA_bead_detail" VALUES (518049,1307684,'B52','B*52:01','B*52:01','0');
INSERT INTO "Luminex_SA_bead_detail" VALUES (518049,1307684,'B52','NULL',NULL,'0');
INSERT INTO "Luminex_SA_bead_detail" VALUES (518049,1307684,'B51','B*51:02','B*51:02','0');
INSERT INTO "Luminex_SA_bead_detail" VALUES (518049,1307684,'B51','B*51:01','B*51:01','0');
INSERT INTO "Luminex_SA_bead_detail" VALUES (518049,1307684,'B51','NULL',NULL,NULL);
INSERT INTO "Luminex_SA_bead_detail" VALUES (518049,1307684,'B50','B*50:01','B*50:01','0');
INSERT INTO "Luminex_SA_bead_detail" VALUES (518049,1307684,'B50','NULL',NULL,'0');
INSERT INTO "Luminex_SA_bead_detail" VALUES (518049,1307684,'B49','B*49:01','B*49:01','0');
INSERT INTO "Luminex_SA_bead_detail" VALUES (518049,1307684,'B49','NULL',NULL,'0');
INSERT INTO "Luminex_SA_bead_detail" VALUES (518049,1307684,'B48','B*48:02','B*48:02','0');
INSERT INTO "Luminex_SA_bead_detail" VALUES (518049,1307684,'B48','B*48:01','B*48:01','6');
INSERT INTO "Luminex_SA_bead_detail" VALUES (518049,1307684,'B48','NULL',NULL,'6');
INSERT INTO "Luminex_SA_bead_detail" VALUES (518049,1307684,'B47','B*47:01','B*47:01','43');
INSERT INTO "Luminex_SA_bead_detail" VALUES (518049,1307684,'B47','NULL',NULL,'43');
INSERT INTO "Luminex_SA_bead_detail" VALUES (518049,1307684,'B46','B*46:01','B*46:01','74');
INSERT INTO "Luminex_SA_bead_detail" VALUES (518049,1307684,'B46','NULL',NULL,'74');
INSERT INTO "Luminex_SA_bead_detail" VALUES (518049,1307684,'B45','B*50:02','B*50:02','116');
INSERT INTO "Luminex_SA_bead_detail" VALUES (518049,1307684,'B45','B*45:01','B*45:01','138');
INSERT INTO "Luminex_SA_bead_detail" VALUES (518049,1307684,'B45','NULL',NULL,'138');
INSERT INTO "Luminex_SA_bead_detail" VALUES (518049,1307684,'B44','B*44:03','B*44:03','60');
INSERT INTO "Luminex_SA_bead_detail" VALUES (518049,1307684,'B44','B*44:02','B*44:02','121');
INSERT INTO "Luminex_SA_bead_detail" VALUES (518049,1307684,'B44','NULL',NULL,'121');
INSERT INTO "Luminex_SA_bead_detail" VALUES (518049,1307684,'B42','B*42:02','B*42:02','49');
INSERT INTO "Luminex_SA_bead_detail" VALUES (518049,1307684,'B42','B*42:01','B*42:01','24');
INSERT INTO "Luminex_SA_bead_detail" VALUES (518049,1307684,'B42','NULL',NULL,'49');
INSERT INTO "Luminex_SA_bead_detail" VALUES (518049,1307684,'B41','B*41:02','B*41:02','56');
INSERT INTO "Luminex_SA_bead_detail" VALUES (518049,1307684,'B41','B*41:01','B*41:01','22');
INSERT INTO "Luminex_SA_bead_detail" VALUES (518049,1307684,'B41','NULL',NULL,'56');
INSERT INTO "Luminex_SA_bead_detail" VALUES (518049,1307684,'B4005','B*40:05','B*40:05','0');
INSERT INTO "Luminex_SA_bead_detail" VALUES (518049,1307684,'B4005','NULL',NULL,'0');
INSERT INTO "Luminex_SA_bead_detail" VALUES (518049,1307684,'B39','B*39:13','B*39:13','31');
INSERT INTO "Luminex_SA_bead_detail" VALUES (518049,1307684,'B39','B*39:06','B*39:06','46');
INSERT INTO "Luminex_SA_bead_detail" VALUES (518049,1307684,'B39','B*39:05','B*39:05','48');
INSERT INTO "Luminex_SA_bead_detail" VALUES (518049,1307684,'B39','B*39:04','B*39:04','48');
INSERT INTO "Luminex_SA_bead_detail" VALUES (518049,1307684,'B39','B*39:02','B*39:02','93');
INSERT INTO "Luminex_SA_bead_detail" VALUES (518049,1307684,'B39','B*39:01','B*39:01','39');
INSERT INTO "Luminex_SA_bead_detail" VALUES (518049,1307684,'B39','NULL',NULL,'93');
INSERT INTO "Luminex_SA_bead_detail" VALUES (518049,1307684,'B38','B*38:02','B*38:02','3');
INSERT INTO "Luminex_SA_bead_detail" VALUES (518049,1307684,'B38','B*38:01','B*38:01','0');
INSERT INTO "Luminex_SA_bead_detail" VALUES (518049,1307684,'B38','NULL',NULL,'3');
INSERT INTO "Luminex_SA_bead_detail" VALUES (518049,1307684,'B37','B*37:01','B*37:01','0');
INSERT INTO "Luminex_SA_bead_detail" VALUES (518049,1307684,'B37','NULL',NULL,'0');
INSERT INTO "Luminex_SA_bead_detail" VALUES (518049,1307684,'B35','B*35:12','B*35:12','0');
INSERT INTO "Luminex_SA_bead_detail" VALUES (518049,1307684,'B35','B*35:08','B*35:08','1');
INSERT INTO "Luminex_SA_bead_detail" VALUES (518049,1307684,'B35','B*35:03','B*35:03','0');
INSERT INTO "Luminex_SA_bead_detail" VALUES (518049,1307684,'B35','B*35:02','B*35:02','0');
INSERT INTO "Luminex_SA_bead_detail" VALUES (518049,1307684,'B35','B*35:01','B*35:01','0');
INSERT INTO "Luminex_SA_bead_detail" VALUES (518049,1307684,'B35','NULL',NULL,'1');
INSERT INTO "Luminex_SA_bead_detail" VALUES (518049,1307684,'B27','B*27:06','B*27:06','3');
INSERT INTO "Luminex_SA_bead_detail" VALUES (518049,1307684,'B27','B*27:04','B*27:04','0');
INSERT INTO "Luminex_SA_bead_detail" VALUES (518049,1307684,'B27','B*27:08','B*27:08','27');
INSERT INTO "Luminex_SA_bead_detail" VALUES (518049,1307684,'B27','B*27:05','B*27:05','0');
INSERT INTO "Luminex_SA_bead_detail" VALUES (518049,1307684,'B27','NULL',NULL,'27');
INSERT INTO "Luminex_SA_bead_detail" VALUES (518049,1307684,'B18','B*18:01','B*18:01','0');
INSERT INTO "Luminex_SA_bead_detail" VALUES (518049,1307684,'B18','NULL',NULL,'0');
INSERT INTO "Luminex_SA_bead_detail" VALUES (518049,1307684,'B13','B*13:01','B*13:01','814');
INSERT INTO "Luminex_SA_bead_detail" VALUES (518049,1307684,'B13','B*13:02','B*13:02','966');
INSERT INTO "Luminex_SA_bead_detail" VALUES (518049,1307684,'B13','NULL',NULL,'966');
INSERT INTO "Luminex_SA_bead_detail" VALUES (518049,1307684,'B8','B*08:01','B*08:01','39');
INSERT INTO "Luminex_SA_bead_detail" VALUES (518049,1307684,'B8','NULL',NULL,'39');
INSERT INTO "Luminex_SA_bead_detail" VALUES (518049,1307684,'B7','B*07:14','B*07:14','56');
INSERT INTO "Luminex_SA_bead_detail" VALUES (518049,1307684,'B7','B*07:02','B*07:02','127');
INSERT INTO "Luminex_SA_bead_detail" VALUES (518049,1307684,'B7','NULL',NULL,'127');
INSERT INTO "Luminex_SA_bead_detail" VALUES (518049,1307684,'A80','A*80:01','A*80:01','227');
INSERT INTO "Luminex_SA_bead_detail" VALUES (518049,1307684,'A80','NULL',NULL,'227');
INSERT INTO "Luminex_SA_bead_detail" VALUES (518049,1307684,'A74','A*74:01','A*74:01','33');
INSERT INTO "Luminex_SA_bead_detail" VALUES (518049,1307684,'A74','NULL',NULL,'33');
INSERT INTO "Luminex_SA_bead_detail" VALUES (518049,1307684,'A69','A*69:01','A*69:01','85');
INSERT INTO "Luminex_SA_bead_detail" VALUES (518049,1307684,'A69','NULL',NULL,'85');
INSERT INTO "Luminex_SA_bead_detail" VALUES (518049,1307684,'A68','A*68:02','A*68:02','81');
INSERT INTO "Luminex_SA_bead_detail" VALUES (518049,1307684,'A68','A*68:01','A*68:01','38');
INSERT INTO "Luminex_SA_bead_detail" VALUES (518049,1307684,'A68','NULL',NULL,'81');
INSERT INTO "Luminex_SA_bead_detail" VALUES (518049,1307684,'A66','A*66:02','A*66:02','40');
INSERT INTO "Luminex_SA_bead_detail" VALUES (518049,1307684,'A66','A*66:01','A*66:01','2512');
INSERT INTO "Luminex_SA_bead_detail" VALUES (518049,1307684,'A66','NULL',NULL,'2512');
INSERT INTO "Luminex_SA_bead_detail" VALUES (518049,1307684,'A43','A*43:01','A*43:01','45');
INSERT INTO "Luminex_SA_bead_detail" VALUES (518049,1307684,'A43','NULL',NULL,'45');
INSERT INTO "Luminex_SA_bead_detail" VALUES (518049,1307684,'A36','A*36:01','A*36:01','38');
INSERT INTO "Luminex_SA_bead_detail" VALUES (518049,1307684,'A36','NULL',NULL,'38');
INSERT INTO "Luminex_SA_bead_detail" VALUES (518049,1307684,'A34','A*34:02','A*34:02','43');
INSERT INTO "Luminex_SA_bead_detail" VALUES (518049,1307684,'A34','A*34:01','A*34:01','42');
INSERT INTO "Luminex_SA_bead_detail" VALUES (518049,1307684,'A34','NULL',NULL,'43');
INSERT INTO "Luminex_SA_bead_detail" VALUES (518049,1307684,'A33','A*33:03','A*33:03','65');
INSERT INTO "Luminex_SA_bead_detail" VALUES (518049,1307684,'A33','A*33:01','A*33:01','36');
INSERT INTO "Luminex_SA_bead_detail" VALUES (518049,1307684,'A33','NULL',NULL,'65');
INSERT INTO "Luminex_SA_bead_detail" VALUES (518049,1307684,'A32','A*32:01','A*32:01','0');
INSERT INTO "Luminex_SA_bead_detail" VALUES (518049,1307684,'A32','NULL',NULL,'0');
INSERT INTO "Luminex_SA_bead_detail" VALUES (518049,1307684,'A31','A*31:01','A*31:01','45');
INSERT INTO "Luminex_SA_bead_detail" VALUES (518049,1307684,'A31','NULL',NULL,'45');
INSERT INTO "Luminex_SA_bead_detail" VALUES (518049,1307684,'A30','A*30:02','A*30:02','59');
INSERT INTO "Luminex_SA_bead_detail" VALUES (518049,1307684,'A30','A*30:01','A*30:01','72');
INSERT INTO "Luminex_SA_bead_detail" VALUES (518049,1307684,'A30','NULL',NULL,'72');
INSERT INTO "Luminex_SA_bead_detail" VALUES (518049,1307684,'A29','A*29:02','A*29:02','2952');
INSERT INTO "Luminex_SA_bead_detail" VALUES (518049,1307684,'A29','A*29:01','A*29:01','385');
INSERT INTO "Luminex_SA_bead_detail" VALUES (518049,1307684,'A29','NULL',NULL,'2952');
INSERT INTO "Luminex_SA_bead_detail" VALUES (518049,1307684,'A26','A*26:03','A*26:03','28');
INSERT INTO "Luminex_SA_bead_detail" VALUES (518049,1307684,'A26','A*26:02','A*26:02','0');
INSERT INTO "Luminex_SA_bead_detail" VALUES (518049,1307684,'A26','A*26:01','A*26:01','24');
INSERT INTO "Luminex_SA_bead_detail" VALUES (518049,1307684,'A26','NULL',NULL,'28');
INSERT INTO "Luminex_SA_bead_detail" VALUES (518049,1307684,'A25','A*25:01','A*25:01','44');
INSERT INTO "Luminex_SA_bead_detail" VALUES (518049,1307684,'A25','NULL',NULL,'44');
INSERT INTO "Luminex_SA_bead_detail" VALUES (518049,1307684,'A24','A*24:03','A*24:03','54');
INSERT INTO "Luminex_SA_bead_detail" VALUES (518049,1307684,'A24','A*24:02','A*24:02','56');
INSERT INTO "Luminex_SA_bead_detail" VALUES (518049,1307684,'A24','NULL',NULL,'56');
INSERT INTO "Luminex_SA_bead_detail" VALUES (518049,1307684,'A23','A*23:01','A*23:01','1519');
INSERT INTO "Luminex_SA_bead_detail" VALUES (518049,1307684,'A23','NULL',NULL,'1519');
INSERT INTO "Luminex_SA_bead_detail" VALUES (518049,1307684,'A11','A*11:02','A*11:02','74');
INSERT INTO "Luminex_SA_bead_detail" VALUES (518049,1307684,'A11','A*11:01','A*11:01','22');
INSERT INTO "Luminex_SA_bead_detail" VALUES (518049,1307684,'A11','NULL',NULL,'74');
INSERT INTO "Luminex_SA_bead_detail" VALUES (518049,1307684,'A3','A*03:02','A*03:02','41');
INSERT INTO "Luminex_SA_bead_detail" VALUES (518049,1307684,'A3','A*03:01','A*03:01','56');
INSERT INTO "Luminex_SA_bead_detail" VALUES (518049,1307684,'A3','NULL',NULL,'56');
INSERT INTO "Luminex_SA_bead_detail" VALUES (518049,1307684,'A2','A*02:18','A*02:18','130');
INSERT INTO "Luminex_SA_bead_detail" VALUES (518049,1307684,'A2','A*02:10','A*02:10','56');
INSERT INTO "Luminex_SA_bead_detail" VALUES (518049,1307684,'A2','A*02:07','A*02:07','67');
INSERT INTO "Luminex_SA_bead_detail" VALUES (518049,1307684,'A2','A*02:05','A*02:05','172');
INSERT INTO "Luminex_SA_bead_detail" VALUES (518049,1307684,'A2','A*02:06','A*02:06','71');
INSERT INTO "Luminex_SA_bead_detail" VALUES (518049,1307684,'A2','A*02:03','A*02:03','67');
INSERT INTO "Luminex_SA_bead_detail" VALUES (518049,1307684,'A2','A*02:01','A*02:01','99');
INSERT INTO "Luminex_SA_bead_detail" VALUES (518049,1307684,'A2','NULL',NULL,'172');
INSERT INTO "Luminex_SA_bead_detail" VALUES (518049,1307684,'A1','A*01:02','A*01:02','129');
INSERT INTO "Luminex_SA_bead_detail" VALUES (518049,1307684,'A1','A*01:01','A*01:01','219');
INSERT INTO "Luminex_SA_bead_detail" VALUES (518049,1307684,'A1','NULL',NULL,'219');
INSERT INTO "Luminex_SA_bead_detail" VALUES (518049,1307685,'','','',NULL);
INSERT INTO "Luminex_SA_bead_detail" VALUES (518049,1307685,'','DPA1*04','DPA1*04','210');
INSERT INTO "Luminex_SA_bead_detail" VALUES (518049,1307685,'','DPA1*03','DPA1*03','83');
INSERT INTO "Luminex_SA_bead_detail" VALUES (518049,1307685,'','DPA1*02','DPA1*02','497');
INSERT INTO "Luminex_SA_bead_detail" VALUES (518049,1307685,'','DPA1*01','DPA1*01','341');
INSERT INTO "Luminex_SA_bead_detail" VALUES (518049,1307685,'','DQA1*06','DQA1*06','88');
INSERT INTO "Luminex_SA_bead_detail" VALUES (518049,1307685,'','DQA1*01','DQA1*01','327');
INSERT INTO "Luminex_SA_bead_detail" VALUES (518049,1307685,'','DQA1*05','DQA1*05','102');
INSERT INTO "Luminex_SA_bead_detail" VALUES (518049,1307685,'','DQA1*04','DQA1*04','83');
INSERT INTO "Luminex_SA_bead_detail" VALUES (518049,1307685,'','DQA1*03','DQA1*03','336');
INSERT INTO "Luminex_SA_bead_detail" VALUES (518049,1307685,'','DQA1*02','DQA1*02','415');
INSERT INTO "Luminex_SA_bead_detail" VALUES (518049,1307685,'','DPA1*03:01','DPA1*03:01','83');
INSERT INTO "Luminex_SA_bead_detail" VALUES (518049,1307685,'','DPA1*02:02','DPA1*02:02','164');
INSERT INTO "Luminex_SA_bead_detail" VALUES (518049,1307685,'','DPA1*01:05','DPA1*01:05','154');
INSERT INTO "Luminex_SA_bead_detail" VALUES (518049,1307685,'','DPA1*02:01','DPA1*02:01','497');
INSERT INTO "Luminex_SA_bead_detail" VALUES (518049,1307685,'','DPA1*01:03','DPA1*01:03','341');
INSERT INTO "Luminex_SA_bead_detail" VALUES (518049,1307685,'','DQA1*01:02','DQA1*01:02','124');
INSERT INTO "Luminex_SA_bead_detail" VALUES (518049,1307685,'','DQA1*01:01','DQA1*01:01','327');
INSERT INTO "Luminex_SA_bead_detail" VALUES (518049,1307685,'','DQA1*03:03','DQA1*03:03','17');
INSERT INTO "Luminex_SA_bead_detail" VALUES (518049,1307685,'','DQA1*04:01','DQA1*04:01','83');
INSERT INTO "Luminex_SA_bead_detail" VALUES (518049,1307685,'','DQA1*03:01','DQA1*03:01','336');
INSERT INTO "Luminex_SA_bead_detail" VALUES (518049,1307685,'','DQA1*02:01','DQA1*02:01','415');
INSERT INTO "Luminex_SA_bead_detail" VALUES (518049,1307685,'DP107','DPB1*107:01','DPB1*107:01','0');
INSERT INTO "Luminex_SA_bead_detail" VALUES (518049,1307685,'DP107','DPA1*02:01,DPB1*107:01','DPA1*02:01,DPB1*107:01','0');
INSERT INTO "Luminex_SA_bead_detail" VALUES (518049,1307685,'DP107','','','0');
INSERT INTO "Luminex_SA_bead_detail" VALUES (518049,1307685,'DP105','DPB1*105:01','DPB1*105:01','45');
INSERT INTO "Luminex_SA_bead_detail" VALUES (518049,1307685,'DP105','DPA1*02:01,DPB1*105:01','DPA1*02:01,DPB1*105:01','45');
INSERT INTO "Luminex_SA_bead_detail" VALUES (518049,1307685,'DP105','','','45');
INSERT INTO "Luminex_SA_bead_detail" VALUES (518049,1307685,'DP85','DPB1*85:01','DPB1*85:01','165');
INSERT INTO "Luminex_SA_bead_detail" VALUES (518049,1307685,'DP85','DPA1*01:03,DPB1*85:01','DPA1*01:03,DPB1*85:01','165');
INSERT INTO "Luminex_SA_bead_detail" VALUES (518049,1307685,'DP85','','','165');
INSERT INTO "Luminex_SA_bead_detail" VALUES (518049,1307685,'DP40','DPB1*40:01','DPB1*40:01','39');
INSERT INTO "Luminex_SA_bead_detail" VALUES (518049,1307685,'DP40','DPA1*01:05,DPB1*40:01','DPA1*01:05,DPB1*40:01','39');
INSERT INTO "Luminex_SA_bead_detail" VALUES (518049,1307685,'DP40','','','39');
INSERT INTO "Luminex_SA_bead_detail" VALUES (518049,1307685,'DP31','DPB1*31:01','DPB1*31:01','0');
INSERT INTO "Luminex_SA_bead_detail" VALUES (518049,1307685,'DP31','DPA1*03:01,DPB1*31:01','DPA1*03:01,DPB1*31:01','0');
INSERT INTO "Luminex_SA_bead_detail" VALUES (518049,1307685,'DP31','','','0');
INSERT INTO "Luminex_SA_bead_detail" VALUES (518049,1307685,'DP30','DPB1*30:01','DPB1*30:01','33');
INSERT INTO "Luminex_SA_bead_detail" VALUES (518049,1307685,'DP30','DPA1*02:01,DPB1*30:01','DPA1*02:01,DPB1*30:01','33');
INSERT INTO "Luminex_SA_bead_detail" VALUES (518049,1307685,'DP30','','','33');
INSERT INTO "Luminex_SA_bead_detail" VALUES (518049,1307685,'DP28','DPA1*04:01','DPA1*04:01','210');
INSERT INTO "Luminex_SA_bead_detail" VALUES (518049,1307685,'DP28','DPA1*04:01,DPB1*28:01','DPA1*04:01,DPB1*28:01','210');
INSERT INTO "Luminex_SA_bead_detail" VALUES (518049,1307685,'DP28','DPA1*01:05,DPB1*28:01','DPA1*01:05,DPB1*28:01','154');
INSERT INTO "Luminex_SA_bead_detail" VALUES (518049,1307685,'DP28','DPB1*28:01','DPB1*28:01','210');
INSERT INTO "Luminex_SA_bead_detail" VALUES (518049,1307685,'DP28','DPA1*01:03,DPB1*28:01','DPA1*01:03,DPB1*28:01','93');
INSERT INTO "Luminex_SA_bead_detail" VALUES (518049,1307685,'DP28','','','210');
INSERT INTO "Luminex_SA_bead_detail" VALUES (518049,1307685,'DP26','DPB1*26:01','DPB1*26:01','43');
INSERT INTO "Luminex_SA_bead_detail" VALUES (518049,1307685,'DP26','DPA1*03:01,DPB1*26:01','DPA1*03:01,DPB1*26:01','43');
INSERT INTO "Luminex_SA_bead_detail" VALUES (518049,1307685,'DP26','','','43');
INSERT INTO "Luminex_SA_bead_detail" VALUES (518049,1307685,'DP23','DPB1*23:01','DPB1*23:01','296');
INSERT INTO "Luminex_SA_bead_detail" VALUES (518049,1307685,'DP23','DPA1*01:03,DPB1*23:01','DPA1*01:03,DPB1*23:01','296');
INSERT INTO "Luminex_SA_bead_detail" VALUES (518049,1307685,'DP23','','','296');
INSERT INTO "Luminex_SA_bead_detail" VALUES (518049,1307685,'DP20','DPB1*20:01','DPB1*20:01','36');
INSERT INTO "Luminex_SA_bead_detail" VALUES (518049,1307685,'DP20','DPA1*03:01,DPB1*20:01','DPA1*03:01,DPB1*20:01','36');
INSERT INTO "Luminex_SA_bead_detail" VALUES (518049,1307685,'DP20','','','36');
INSERT INTO "Luminex_SA_bead_detail" VALUES (518049,1307685,'DP19','DPB1*19:01','DPB1*19:01','127');
INSERT INTO "Luminex_SA_bead_detail" VALUES (518049,1307685,'DP19','DPA1*01:03,DPB1*19:01','DPA1*01:03,DPB1*19:01','127');
INSERT INTO "Luminex_SA_bead_detail" VALUES (518049,1307685,'DP19','','','127');
INSERT INTO "Luminex_SA_bead_detail" VALUES (518049,1307685,'DP18','DPA1*01:04','DPA1*01:04','120');
INSERT INTO "Luminex_SA_bead_detail" VALUES (518049,1307685,'DP18','DPA1*01:04,DPB1*18:01','DPA1*01:04,DPB1*18:01','120');
INSERT INTO "Luminex_SA_bead_detail" VALUES (518049,1307685,'DP18','DPA1*01:05,DPB1*18:01','DPA1*01:05,DPB1*18:01','128');
INSERT INTO "Luminex_SA_bead_detail" VALUES (518049,1307685,'DP18','DPB1*18:01','DPB1*18:01','133');
INSERT INTO "Luminex_SA_bead_detail" VALUES (518049,1307685,'DP18','DPA1*02:01,DPB1*18:01','DPA1*02:01,DPB1*18:01','133');
INSERT INTO "Luminex_SA_bead_detail" VALUES (518049,1307685,'DP18','','','133');
INSERT INTO "Luminex_SA_bead_detail" VALUES (518049,1307685,'DP17','DPB1*17:01','DPB1*17:01','47');
INSERT INTO "Luminex_SA_bead_detail" VALUES (518049,1307685,'DP17','DPA1*02:01,DPB1*17:01','DPA1*02:01,DPB1*17:01','47');
INSERT INTO "Luminex_SA_bead_detail" VALUES (518049,1307685,'DP17','','','47');
INSERT INTO "Luminex_SA_bead_detail" VALUES (518049,1307685,'DP15','DPB1*15:01','DPB1*15:01','303');
INSERT INTO "Luminex_SA_bead_detail" VALUES (518049,1307685,'DP15','DPA1*02:01,DPB1*15:01','DPA1*02:01,DPB1*15:01','303');
INSERT INTO "Luminex_SA_bead_detail" VALUES (518049,1307685,'DP15','','','303');
INSERT INTO "Luminex_SA_bead_detail" VALUES (518049,1307685,'DP14','DPB1*14:01','DPB1*14:01','29');
INSERT INTO "Luminex_SA_bead_detail" VALUES (518049,1307685,'DP14','DPA1*02:01,DPB1*14:01','DPA1*02:01,DPB1*14:01','29');
INSERT INTO "Luminex_SA_bead_detail" VALUES (518049,1307685,'DP14','','','29');
INSERT INTO "Luminex_SA_bead_detail" VALUES (518049,1307685,'DP13','DPA1*03:01,DPB1*13:01','DPA1*03:01,DPB1*13:01','83');
INSERT INTO "Luminex_SA_bead_detail" VALUES (518049,1307685,'DP13','DPA1*02:02,DPB1*13:01','DPA1*02:02,DPB1*13:01','37');
INSERT INTO "Luminex_SA_bead_detail" VALUES (518049,1307685,'DP13','DPB1*13:01','DPB1*13:01','99');
INSERT INTO "Luminex_SA_bead_detail" VALUES (518049,1307685,'DP13','DPA1*02:01,DPB1*13:01','DPA1*02:01,DPB1*13:01','99');
INSERT INTO "Luminex_SA_bead_detail" VALUES (518049,1307685,'DP13','','','99');
INSERT INTO "Luminex_SA_bead_detail" VALUES (518049,1307685,'DP11','DPA1*02:02,DPB1*11:01','DPA1*02:02,DPB1*11:01','164');
INSERT INTO "Luminex_SA_bead_detail" VALUES (518049,1307685,'DP11','DPB1*11:01','DPB1*11:01','164');
INSERT INTO "Luminex_SA_bead_detail" VALUES (518049,1307685,'DP11','DPA1*01:03,DPB1*11:01','DPA1*01:03,DPB1*11:01','125');
INSERT INTO "Luminex_SA_bead_detail" VALUES (518049,1307685,'DP11','','','164');
INSERT INTO "Luminex_SA_bead_detail" VALUES (518049,1307685,'DP10','DPB1*10:01','DPB1*10:01','32');
INSERT INTO "Luminex_SA_bead_detail" VALUES (518049,1307685,'DP10','DPA1*02:02,DPB1*10:01','DPA1*02:02,DPB1*10:01','32');
INSERT INTO "Luminex_SA_bead_detail" VALUES (518049,1307685,'DP10','','','32');
INSERT INTO "Luminex_SA_bead_detail" VALUES (518049,1307685,'DP9','DPB1*09:01','DPB1*09:01','26');
INSERT INTO "Luminex_SA_bead_detail" VALUES (518049,1307685,'DP9','DPA1*02:01,DPB1*09:01','DPA1*02:01,DPB1*09:01','26');
INSERT INTO "Luminex_SA_bead_detail" VALUES (518049,1307685,'DP9','','','26');
INSERT INTO "Luminex_SA_bead_detail" VALUES (518049,1307685,'DP6','DPA1*01:03,DPB1*06:01','DPA1*01:03,DPB1*06:01','341');
INSERT INTO "Luminex_SA_bead_detail" VALUES (518049,1307685,'DP6','DPB1*06:01','DPB1*06:01','341');
INSERT INTO "Luminex_SA_bead_detail" VALUES (518049,1307685,'DP6','DPA1*02:01,DPB1*06:01','DPA1*02:01,DPB1*06:01','35');
INSERT INTO "Luminex_SA_bead_detail" VALUES (518049,1307685,'DP6','','','341');
INSERT INTO "Luminex_SA_bead_detail" VALUES (518049,1307685,'DP5','DPA1*02:01,DPB1*05:01','DPA1*02:01,DPB1*05:01','74');
INSERT INTO "Luminex_SA_bead_detail" VALUES (518049,1307685,'DP5','DPB1*05:01','DPB1*05:01','163');
INSERT INTO "Luminex_SA_bead_detail" VALUES (518049,1307685,'DP5','DPA1*02:02,DPB1*05:01','DPA1*02:02,DPB1*05:01','163');
INSERT INTO "Luminex_SA_bead_detail" VALUES (518049,1307685,'DP5','','','163');
INSERT INTO "Luminex_SA_bead_detail" VALUES (518049,1307685,'DP4','DPB1*04:02','DPB1*04:02','84');
INSERT INTO "Luminex_SA_bead_detail" VALUES (518049,1307685,'DP4','DPA1*01:03,DPB1*04:02','DPA1*01:03,DPB1*04:02','84');
INSERT INTO "Luminex_SA_bead_detail" VALUES (518049,1307685,'DP4','DPB1*04:01','DPB1*04:01','107');
INSERT INTO "Luminex_SA_bead_detail" VALUES (518049,1307685,'DP4','DPA1*01:03,DPB1*04:01','DPA1*01:03,DPB1*04:01','107');
INSERT INTO "Luminex_SA_bead_detail" VALUES (518049,1307685,'DP4','','','107');
INSERT INTO "Luminex_SA_bead_detail" VALUES (518049,1307685,'DP3','DPA1*02:01,DPB1*03:01','DPA1*02:01,DPB1*03:01','49');
INSERT INTO "Luminex_SA_bead_detail" VALUES (518049,1307685,'DP3','DPA1*01:05,DPB1*03:01','DPA1*01:05,DPB1*03:01','70');
INSERT INTO "Luminex_SA_bead_detail" VALUES (518049,1307685,'DP3','DPB1*03:01','DPB1*03:01','97');
INSERT INTO "Luminex_SA_bead_detail" VALUES (518049,1307685,'DP3','DPA1*01:03,DPB1*03:01','DPA1*01:03,DPB1*03:01','97');
INSERT INTO "Luminex_SA_bead_detail" VALUES (518049,1307685,'DP3','','','97');
INSERT INTO "Luminex_SA_bead_detail" VALUES (518049,1307685,'DP2','DPB1*02:02','DPB1*02:02','67');
INSERT INTO "Luminex_SA_bead_detail" VALUES (518049,1307685,'DP2','DPA1*01:03,DPB1*02:02','DPA1*01:03,DPB1*02:02','67');
INSERT INTO "Luminex_SA_bead_detail" VALUES (518049,1307685,'DP2','DPB1*02:01','DPB1*02:01','79');
INSERT INTO "Luminex_SA_bead_detail" VALUES (518049,1307685,'DP2','DPA1*01:03,DPB1*02:01','DPA1*01:03,DPB1*02:01','79');
INSERT INTO "Luminex_SA_bead_detail" VALUES (518049,1307685,'DP2','','','79');
INSERT INTO "Luminex_SA_bead_detail" VALUES (518049,1307685,'DP1','DPA1*02:01,DPB1*01:01','DPA1*02:01,DPB1*01:01','497');
INSERT INTO "Luminex_SA_bead_detail" VALUES (518049,1307685,'DP1','DPB1*01:01','DPB1*01:01','497');
INSERT INTO "Luminex_SA_bead_detail" VALUES (518049,1307685,'DP1','DPA1*01:03,DPB1*01:01','DPA1*01:03,DPB1*01:01','119');
INSERT INTO "Luminex_SA_bead_detail" VALUES (518049,1307685,'DP1','','','497');
INSERT INTO "Luminex_SA_bead_detail" VALUES (518049,1307685,'DQ9','DQA1*03:02','DQA1*03:02','29');
INSERT INTO "Luminex_SA_bead_detail" VALUES (518049,1307685,'DQ9','DQA1*03:02,DQB1*03:03','DQA1*03:02,DQB1*03:03','29');
INSERT INTO "Luminex_SA_bead_detail" VALUES (518049,1307685,'DQ9','DQA1*03:01,DQB1*03:03','DQA1*03:01,DQB1*03:03','336');
INSERT INTO "Luminex_SA_bead_detail" VALUES (518049,1307685,'DQ9','DQB1*03:03','DQB1*03:03','415');
INSERT INTO "Luminex_SA_bead_detail" VALUES (518049,1307685,'DQ9','DQA1*02:01,DQB1*03:03','DQA1*02:01,DQB1*03:03','415');
INSERT INTO "Luminex_SA_bead_detail" VALUES (518049,1307685,'DQ9','','','415');
INSERT INTO "Luminex_SA_bead_detail" VALUES (518049,1307685,'DQ8','DQA1*03:03,DQB1*03:02','DQA1*03:03,DQB1*03:02','17');
INSERT INTO "Luminex_SA_bead_detail" VALUES (518049,1307685,'DQ8','DQA1*03:01,DQB1*03:02','DQA1*03:01,DQB1*03:02','0');
INSERT INTO "Luminex_SA_bead_detail" VALUES (518049,1307685,'DQ8','DQB1*03:02','DQB1*03:02','74');
INSERT INTO "Luminex_SA_bead_detail" VALUES (518049,1307685,'DQ8','DQA1*02:01,DQB1*03:02','DQA1*02:01,DQB1*03:02','74');
INSERT INTO "Luminex_SA_bead_detail" VALUES (518049,1307685,'DQ8','','','74');
INSERT INTO "Luminex_SA_bead_detail" VALUES (518049,1307685,'DQ7','DQA1*02:01,DQB1*03:19','DQA1*02:01,DQB1*03:19','10');
INSERT INTO "Luminex_SA_bead_detail" VALUES (518049,1307685,'DQ7','DQA1*06:01','DQA1*06:01','88');
INSERT INTO "Luminex_SA_bead_detail" VALUES (518049,1307685,'DQ7','DQA1*06:01,DQB1*03:01','DQA1*06:01,DQB1*03:01','88');
INSERT INTO "Luminex_SA_bead_detail" VALUES (518049,1307685,'DQ7','DQB1*03:19','DQB1*03:19','102');
INSERT INTO "Luminex_SA_bead_detail" VALUES (518049,1307685,'DQ7','DQA1*05:05','DQA1*05:05','102');
INSERT INTO "Luminex_SA_bead_detail" VALUES (518049,1307685,'DQ7','DQA1*05:05,DQB1*03:19','DQA1*05:05,DQB1*03:19','102');
INSERT INTO "Luminex_SA_bead_detail" VALUES (518049,1307685,'DQ7','DQA1*05:03','DQA1*05:03','99');
INSERT INTO "Luminex_SA_bead_detail" VALUES (518049,1307685,'DQ7','DQA1*05:03,DQB1*03:01','DQA1*05:03,DQB1*03:01','99');
INSERT INTO "Luminex_SA_bead_detail" VALUES (518049,1307685,'DQ7','DQA1*02:01,DQB1*03:01','DQA1*02:01,DQB1*03:01','18');
INSERT INTO "Luminex_SA_bead_detail" VALUES (518049,1307685,'DQ7','DQB1*03:01','DQB1*03:01','99');
INSERT INTO "Luminex_SA_bead_detail" VALUES (518049,1307685,'DQ7','DQA1*03:01,DQB1*03:01','DQA1*03:01,DQB1*03:01','40');
INSERT INTO "Luminex_SA_bead_detail" VALUES (518049,1307685,'DQ7','','','102');
INSERT INTO "Luminex_SA_bead_detail" VALUES (518049,1307685,'DQ6','DQB1*06:09','DQB1*06:09','74');
INSERT INTO "Luminex_SA_bead_detail" VALUES (518049,1307685,'DQ6','DQA1*01:02,DQB1*06:09','DQA1*01:02,DQB1*06:09','74');
INSERT INTO "Luminex_SA_bead_detail" VALUES (518049,1307685,'DQ6','DQB1*06:04','DQB1*06:04','22');
INSERT INTO "Luminex_SA_bead_detail" VALUES (518049,1307685,'DQ6','DQA1*01:02,DQB1*06:04','DQA1*01:02,DQB1*06:04','22');
INSERT INTO "Luminex_SA_bead_detail" VALUES (518049,1307685,'DQ6','DQB1*06:03','DQB1*06:03','0');
INSERT INTO "Luminex_SA_bead_detail" VALUES (518049,1307685,'DQ6','DQA1*01:03,DQB1*06:03','DQA1*01:03,DQB1*06:03','0');
INSERT INTO "Luminex_SA_bead_detail" VALUES (518049,1307685,'DQ6','DQA1*01:01,DQB1*06:02','DQA1*01:01,DQB1*06:02','114');
INSERT INTO "Luminex_SA_bead_detail" VALUES (518049,1307685,'DQ6','DQB1*06:02','DQB1*06:02','114');
INSERT INTO "Luminex_SA_bead_detail" VALUES (518049,1307685,'DQ6','DQA1*01:02,DQB1*06:02','DQA1*01:02,DQB1*06:02','101');
INSERT INTO "Luminex_SA_bead_detail" VALUES (518049,1307685,'DQ6','DQB1*06:01','DQB1*06:01','132');
INSERT INTO "Luminex_SA_bead_detail" VALUES (518049,1307685,'DQ6','DQA1*01:03','DQA1*01:03','132');
INSERT INTO "Luminex_SA_bead_detail" VALUES (518049,1307685,'DQ6','DQA1*01:03,DQB1*06:01','DQA1*01:03,DQB1*06:01','132');
INSERT INTO "Luminex_SA_bead_detail" VALUES (518049,1307685,'DQ6','','','132');
INSERT INTO "Luminex_SA_bead_detail" VALUES (518049,1307685,'DQ5','DQB1*05:03','DQB1*05:03','327');
INSERT INTO "Luminex_SA_bead_detail" VALUES (518049,1307685,'DQ5','DQA1*01:01,DQB1*05:03','DQA1*01:01,DQB1*05:03','327');
INSERT INTO "Luminex_SA_bead_detail" VALUES (518049,1307685,'DQ5','DQB1*05:02','DQB1*05:02','124');
INSERT INTO "Luminex_SA_bead_detail" VALUES (518049,1307685,'DQ5','DQA1*01:02,DQB1*05:02','DQA1*01:02,DQB1*05:02','124');
INSERT INTO "Luminex_SA_bead_detail" VALUES (518049,1307685,'DQ5','DQB1*05:01','DQB1*05:01','10');
INSERT INTO "Luminex_SA_bead_detail" VALUES (518049,1307685,'DQ5','DQA1*01:01,DQB1*05:01','DQA1*01:01,DQB1*05:01','10');
INSERT INTO "Luminex_SA_bead_detail" VALUES (518049,1307685,'DQ5','','','327');
INSERT INTO "Luminex_SA_bead_detail" VALUES (518049,1307685,'DQ4','DQA1*04:01,DQB1*04:02','DQA1*04:01,DQB1*04:02','83');
INSERT INTO "Luminex_SA_bead_detail" VALUES (518049,1307685,'DQ4','DQB1*04:02','DQB1*04:02','83');
INSERT INTO "Luminex_SA_bead_detail" VALUES (518049,1307685,'DQ4','DQA1*02:01,DQB1*04:02','DQA1*02:01,DQB1*04:02','36');
INSERT INTO "Luminex_SA_bead_detail" VALUES (518049,1307685,'DQ4','DQA1*03:03,DQB1*04:01','DQA1*03:03,DQB1*04:01','3');
INSERT INTO "Luminex_SA_bead_detail" VALUES (518049,1307685,'DQ4','DQB1*04:01','DQB1*04:01','8');
INSERT INTO "Luminex_SA_bead_detail" VALUES (518049,1307685,'DQ4','DQA1*02:01,DQB1*04:01','DQA1*02:01,DQB1*04:01','8');
INSERT INTO "Luminex_SA_bead_detail" VALUES (518049,1307685,'DQ4','','','83');
INSERT INTO "Luminex_SA_bead_detail" VALUES (518049,1307685,'DQ2','DQB1*02:02','DQB1*02:02','75');
INSERT INTO "Luminex_SA_bead_detail" VALUES (518049,1307685,'DQ2','DQA1*02:01,DQB1*02:02','DQA1*02:01,DQB1*02:02','75');
INSERT INTO "Luminex_SA_bead_detail" VALUES (518049,1307685,'DQ2','DQA1*05:01','DQA1*05:01','71');
INSERT INTO "Luminex_SA_bead_detail" VALUES (518049,1307685,'DQ2','DQA1*05:01,DQB1*02:01','DQA1*05:01,DQB1*02:01','71');
INSERT INTO "Luminex_SA_bead_detail" VALUES (518049,1307685,'DQ2','DQA1*04:01,DQB1*02:01','DQA1*04:01,DQB1*02:01','68');
INSERT INTO "Luminex_SA_bead_detail" VALUES (518049,1307685,'DQ2','DQA1*03:01,DQB1*02:01','DQA1*03:01,DQB1*02:01','25');
INSERT INTO "Luminex_SA_bead_detail" VALUES (518049,1307685,'DQ2','DQB1*02:01','DQB1*02:01','71');
INSERT INTO "Luminex_SA_bead_detail" VALUES (518049,1307685,'DQ2','DQA1*02:01,DQB1*02:01','DQA1*02:01,DQB1*02:01','53');
INSERT INTO "Luminex_SA_bead_detail" VALUES (518049,1307685,'DQ2','','','75');
INSERT INTO "Luminex_SA_bead_detail" VALUES (518049,1307685,'DR53','DRB4*01:03','DRB4*01:03','0');
INSERT INTO "Luminex_SA_bead_detail" VALUES (518049,1307685,'DR53','DRB4*01:01','DRB4*01:01','50');
INSERT INTO "Luminex_SA_bead_detail" VALUES (518049,1307685,'DR53','','','50');
INSERT INTO "Luminex_SA_bead_detail" VALUES (518049,1307685,'DR52','DRB3*02:01','DRB3*02:01','261');
INSERT INTO "Luminex_SA_bead_detail" VALUES (518049,1307685,'DR52','DRB3*03:01','DRB3*03:01','134');
INSERT INTO "Luminex_SA_bead_detail" VALUES (518049,1307685,'DR52','DRB3*02:02','DRB3*02:02','173');
INSERT INTO "Luminex_SA_bead_detail" VALUES (518049,1307685,'DR52','DRB3*01:01','DRB3*01:01','67');
INSERT INTO "Luminex_SA_bead_detail" VALUES (518049,1307685,'DR52','','','261');
INSERT INTO "Luminex_SA_bead_detail" VALUES (518049,1307685,'DR51','DRB5*01:02','DRB5*01:02','105');
INSERT INTO "Luminex_SA_bead_detail" VALUES (518049,1307685,'DR51','DRB5*02:02','DRB5*02:02','94');
INSERT INTO "Luminex_SA_bead_detail" VALUES (518049,1307685,'DR51','DRB5*01:01','DRB5*01:01','404');
INSERT INTO "Luminex_SA_bead_detail" VALUES (518049,1307685,'DR51','','','404');
INSERT INTO "Luminex_SA_bead_detail" VALUES (518049,1307685,'DR18','DRB1*03:02','DRB1*03:02','11');
INSERT INTO "Luminex_SA_bead_detail" VALUES (518049,1307685,'DR18','','','11');
INSERT INTO "Luminex_SA_bead_detail" VALUES (518049,1307685,'DR17','DRB1*03:01','DRB1*03:01','0');
INSERT INTO "Luminex_SA_bead_detail" VALUES (518049,1307685,'DR17','','','0');
INSERT INTO "Luminex_SA_bead_detail" VALUES (518049,1307685,'DR16','DRB1*16:02','DRB1*16:02','23');
INSERT INTO "Luminex_SA_bead_detail" VALUES (518049,1307685,'DR16','DRB1*16:01','DRB1*16:01','1');
INSERT INTO "Luminex_SA_bead_detail" VALUES (518049,1307685,'DR16','','','23');
INSERT INTO "Luminex_SA_bead_detail" VALUES (518049,1307685,'DR15','DRB1*15:03','DRB1*15:03','37');
INSERT INTO "Luminex_SA_bead_detail" VALUES (518049,1307685,'DR15','DRB1*15:02','DRB1*15:02','112');
INSERT INTO "Luminex_SA_bead_detail" VALUES (518049,1307685,'DR15','DRB1*15:01','DRB1*15:01','96');
INSERT INTO "Luminex_SA_bead_detail" VALUES (518049,1307685,'DR15','','','112');
INSERT INTO "Luminex_SA_bead_detail" VALUES (518049,1307685,'DR14','DRB1*14:03','DRB1*14:03','68');
INSERT INTO "Luminex_SA_bead_detail" VALUES (518049,1307685,'DR14','DRB1*14:06','DRB1*14:06','142');
INSERT INTO "Luminex_SA_bead_detail" VALUES (518049,1307685,'DR14','DRB1*14:05','DRB1*14:05','585');
INSERT INTO "Luminex_SA_bead_detail" VALUES (518049,1307685,'DR14','DRB1*14:04','DRB1*14:04','312');
INSERT INTO "Luminex_SA_bead_detail" VALUES (518049,1307685,'DR14','DRB1*14:54','DRB1*14:54','15');
INSERT INTO "Luminex_SA_bead_detail" VALUES (518049,1307685,'DR14','DRB1*14:02','DRB1*14:02','18');
INSERT INTO "Luminex_SA_bead_detail" VALUES (518049,1307685,'DR14','DRB1*14:01','DRB1*14:01','41');
INSERT INTO "Luminex_SA_bead_detail" VALUES (518049,1307685,'DR14','','','585');
INSERT INTO "Luminex_SA_bead_detail" VALUES (518049,1307685,'DR13','DRB1*13:02','DRB1*13:02','85');
INSERT INTO "Luminex_SA_bead_detail" VALUES (518049,1307685,'DR13','DRB1*13:03','DRB1*13:03','15');
INSERT INTO "Luminex_SA_bead_detail" VALUES (518049,1307685,'DR13','DRB1*13:01','DRB1*13:01','37');
INSERT INTO "Luminex_SA_bead_detail" VALUES (518049,1307685,'DR13','','','85');
INSERT INTO "Luminex_SA_bead_detail" VALUES (518049,1307685,'DR12','DRB1*12:02','DRB1*12:02','146');
INSERT INTO "Luminex_SA_bead_detail" VALUES (518049,1307685,'DR12','DRB1*12:01','DRB1*12:01','197');
INSERT INTO "Luminex_SA_bead_detail" VALUES (518049,1307685,'DR12','','','197');
INSERT INTO "Luminex_SA_bead_detail" VALUES (518049,1307685,'DR11','DRB1*11:04','DRB1*11:04','90');
INSERT INTO "Luminex_SA_bead_detail" VALUES (518049,1307685,'DR11','DRB1*11:01','DRB1*11:01','43');
INSERT INTO "Luminex_SA_bead_detail" VALUES (518049,1307685,'DR11','','','90');
INSERT INTO "Luminex_SA_bead_detail" VALUES (518049,1307685,'DR10','DRB1*10:01','DRB1*10:01','169');
INSERT INTO "Luminex_SA_bead_detail" VALUES (518049,1307685,'DR10','','','169');
INSERT INTO "Luminex_SA_bead_detail" VALUES (518049,1307685,'DR9','DRB1*09:02','DRB1*09:02','70');
INSERT INTO "Luminex_SA_bead_detail" VALUES (518049,1307685,'DR9','DRB1*09:01','DRB1*09:01','16');
INSERT INTO "Luminex_SA_bead_detail" VALUES (518049,1307685,'DR9','','','70');
INSERT INTO "Luminex_SA_bead_detail" VALUES (518049,1307685,'DR8','DRB1*08:02','DRB1*08:02','78');
INSERT INTO "Luminex_SA_bead_detail" VALUES (518049,1307685,'DR8','DRB1*08:07','DRB1*08:07','204');
INSERT INTO "Luminex_SA_bead_detail" VALUES (518049,1307685,'DR8','DRB1*08:03','DRB1*08:03','132');
INSERT INTO "Luminex_SA_bead_detail" VALUES (518049,1307685,'DR8','DRB1*08:01','DRB1*08:01','2');
INSERT INTO "Luminex_SA_bead_detail" VALUES (518049,1307685,'DR8','','','204');
INSERT INTO "Luminex_SA_bead_detail" VALUES (518049,1307685,'DR7','DRB1*07:01','DRB1*07:01','195');
INSERT INTO "Luminex_SA_bead_detail" VALUES (518049,1307685,'DR7','','','195');
INSERT INTO "Luminex_SA_bead_detail" VALUES (518049,1307685,'DR4','DRB1*04:11','DRB1*04:11','227');
INSERT INTO "Luminex_SA_bead_detail" VALUES (518049,1307685,'DR4','DRB1*04:10','DRB1*04:10','139');
INSERT INTO "Luminex_SA_bead_detail" VALUES (518049,1307685,'DR4','DRB1*04:07','DRB1*04:07','83');
INSERT INTO "Luminex_SA_bead_detail" VALUES (518049,1307685,'DR4','DRB1*04:06','DRB1*04:06','96');
INSERT INTO "Luminex_SA_bead_detail" VALUES (518049,1307685,'DR4','DRB1*04:03','DRB1*04:03','488');
INSERT INTO "Luminex_SA_bead_detail" VALUES (518049,1307685,'DR4','DRB1*04:05','DRB1*04:05','0');
INSERT INTO "Luminex_SA_bead_detail" VALUES (518049,1307685,'DR4','DRB1*04:04','DRB1*04:04','474');
INSERT INTO "Luminex_SA_bead_detail" VALUES (518049,1307685,'DR4','DRB1*04:02','DRB1*04:02','12');
INSERT INTO "Luminex_SA_bead_detail" VALUES (518049,1307685,'DR4','DRB1*04:01','DRB1*04:01','232');
INSERT INTO "Luminex_SA_bead_detail" VALUES (518049,1307685,'DR4','','','488');
INSERT INTO "Luminex_SA_bead_detail" VALUES (518049,1307685,'DR103','DRB1*01:03','DRB1*01:03','115');
INSERT INTO "Luminex_SA_bead_detail" VALUES (518049,1307685,'DR103','','','115');
INSERT INTO "Luminex_SA_bead_detail" VALUES (518049,1307685,'DR1','DRB1*01:02','DRB1*01:02','508');
INSERT INTO "Luminex_SA_bead_detail" VALUES (518049,1307685,'DR1','DRB1*01:01','DRB1*01:01','139');
INSERT INTO "Luminex_SA_bead_detail" VALUES (518049,1307685,'DR1','','','508');
INSERT INTO "Match_grades" VALUES (869146,106690,'NULL','NULL','03:01','03:02','51:01','35:02','15:02','04:01','04:02','15:01','4*01:03','5*01:01','03:02','06:03','03:01','01:02','01:03','01:03','02:01','04:01',NULL,NULL,NULL,NULL,NULL,NULL,NULL,NULL,NULL,NULL,NULL,NULL,NULL,NULL,0);
INSERT INTO "Match_grades" VALUES (869146,869146,'NULL','NULL','03:01','01:01','51:01','35:02','15:13','04:01','04:02','15:01','4*01:03','5*01:01','03:02','06:03','03:01','01:02','02:01','01:03','05:01','04:01',NULL,NULL,NULL,NULL,NULL,NULL,NULL,NULL,NULL,NULL,NULL,NULL,NULL,NULL,52290);
INSERT INTO "Match_grades" VALUES (374915,374915,'NULL','NULL','29:02','03:01@','44:03','07:02','16:01','07:02','07:01','15:01','4*01:01','5*01:01','02:02','06:02','02:01','01:02','01:03','01:03','04:01','02:01',NULL,NULL,NULL,NULL,NULL,NULL,NULL,NULL,NULL,NULL,NULL,NULL,NULL,NULL,52291);
INSERT INTO "Match_grades" VALUES (374915,138696,'NULL','NULL','29:02','03:01','44:03','07:02','16:01','07:02','07:01','15:01','4*01:01','5*01:01','02:02','06:02','02:01','01:02','01:03','01:03','04:01','02:01',NULL,NULL,NULL,NULL,NULL,NULL,NULL,NULL,NULL,NULL,NULL,NULL,NULL,NULL,0);
INSERT INTO "Match_grades" VALUES (518049,518049,'NULL','NULL','11:01','34:01','27:05','15:35','02:02','07:02','04:04','04:05','4*01:03','X','03:02','04:02','03:01','03:03','01:03','02:02','06:01','01:01',NULL,NULL,NULL,NULL,NULL,NULL,NULL,NULL,NULL,NULL,NULL,NULL,NULL,NULL,52292);
INSERT INTO "Match_grades" VALUES (518049,272663,'NULL','NULL','11:EESKB','01:EESKA','27:FHRSV','57:FHRSZ',NULL,NULL,'04:EGACY','07:EKRWG',NULL,NULL,NULL,NULL,NULL,NULL,NULL,NULL,NULL,NULL,NULL,NULL,NULL,NULL,NULL,NULL,NULL,NULL,NULL,NULL,NULL,NULL,NULL,NULL,0);
INSERT INTO "Patient_tests" VALUES (1307680,52290,'LSAB1','B');
INSERT INTO "Patient_tests" VALUES (1307681,52290,'LSAB2','B');
INSERT INTO "Patient_tests" VALUES (1307682,52291,'LSAB1','B');
INSERT INTO "Patient_tests" VALUES (1307683,52291,'LSAB2','B');
INSERT INTO "Patient_tests" VALUES (1307684,52292,'LSAB1','B');
INSERT INTO "Patient_tests" VALUES (1307685,52292,'LSAB2','B');
INSERT INTO "Patients" VALUES (106690,'TRAN','THELMA');
INSERT INTO "Patients" VALUES (138696,'STROUT','CHICKEN');
INSERT INTO "Patients" VALUES (272663,'REBELLON','RUSTY');
INSERT INTO "Screening_results" VALUES (1307680,'Negative');
INSERT INTO "Screening_results" VALUES (1307681,'DR3 DR5 DR6 DR7 DR8 DR9 DR11 DR12 DR13 DR14 DR17 DR18 DR52 DQ2 DQ4 DQ7 DPB1*02:01 DP3 DPB1*04:02 DP6 DP9 DP10 DP14 DP17 DP18 DP20 DP28');
INSERT INTO "Screening_results" VALUES (1307682,'B37');
INSERT INTO "Screening_results" VALUES (1307683,'DR12 DRB1*14:01 DQA1*03:03/DQB1*04:01 DQA1*01:01/DQB1*06:02 DPA1*02:02/DPB1*11:01');
INSERT INTO "Screening_results" VALUES (1307684,'Negative');
INSERT INTO "Screening_results" VALUES (1307685,'A23 A*29:02 A*66:01 B57');
INSERT INTO "Staff" VALUES ('s_user','50');
INSERT INTO "Staff" VALUES ('t_user','30');
COMMIT;
